
--Select * from [CRE].[RuleTypeMaster]
--Select * from [CRE].[RuleTypeDetail]
--Select * from [CRE].[AnalysisRuleTypeSetup]
--Select * from [CRE].[DealNoteRuleTypeSetup]



Print('ONe time Rule Type data')
go

Truncate table [CRE].[RuleTypeMaster]
go
SET IDENTITY_INSERT [CRE].[RuleTypeMaster] ON 

INSERT [CRE].[RuleTypeMaster] ([RuleTypeMasterID], [RuleTypeName], [Comments], [IsActive], [CreatedBy], [CreatedDate], [UpdatedBy], [UpdatedDate]) VALUES (1, N'Accounts', NULL, 1, N'B0E6697B-3534-4C09-BE0A-04473401AB93', CAST(N'2022-01-18T05:25:46.000' AS DateTime), N'B0E6697B-3534-4C09-BE0A-04473401AB93', CAST(N'2022-01-18T05:25:46.000' AS DateTime))
INSERT [CRE].[RuleTypeMaster] ([RuleTypeMasterID], [RuleTypeName], [Comments], [IsActive], [CreatedBy], [CreatedDate], [UpdatedBy], [UpdatedDate]) VALUES (2, N'Config', NULL, 1, N'B0E6697B-3534-4C09-BE0A-04473401AB93', CAST(N'2022-01-18T05:25:46.013' AS DateTime), N'B0E6697B-3534-4C09-BE0A-04473401AB93', CAST(N'2022-01-18T05:25:46.013' AS DateTime))
INSERT [CRE].[RuleTypeMaster] ([RuleTypeMasterID], [RuleTypeName], [Comments], [IsActive], [CreatedBy], [CreatedDate], [UpdatedBy], [UpdatedDate]) VALUES (3, N'Rules', NULL, 1, N'B0E6697B-3534-4C09-BE0A-04473401AB93', CAST(N'2022-01-18T05:25:46.020' AS DateTime), N'B0E6697B-3534-4C09-BE0A-04473401AB93', CAST(N'2022-01-18T05:25:46.020' AS DateTime))
INSERT [CRE].[RuleTypeMaster] ([RuleTypeMasterID], [RuleTypeName], [Comments], [IsActive], [CreatedBy], [CreatedDate], [UpdatedBy], [UpdatedDate]) VALUES (4, N'Prepay', NULL, 1, N'B0E6697B-3534-4C09-BE0A-04473401AB93', CAST(N'2022-01-20T06:32:10.410' AS DateTime), N'B0E6697B-3534-4C09-BE0A-04473401AB93', CAST(N'2022-01-20T06:32:10.410' AS DateTime))
SET IDENTITY_INSERT [CRE].[RuleTypeMaster] OFF

go


Truncate table [CRE].[RuleTypeDetail]
go
SET IDENTITY_INSERT [CRE].[RuleTypeDetail] ON 

INSERT [CRE].[RuleTypeDetail] ([RuleTypeDetailID], [RuleTypeMasterID], [FileName], [Content], [DBFileName], [IsBalanceAware], [Type], [CreatedBy], [CreatedDate], [UpdatedBy], [UpdatedDate]) VALUES (2, 2, N'DefaultConfig.json', N'', N'Config_DefaultConfig07_08_2022_06_26_49.json', 0, N'json', NULL, NULL, N'b0e6697b-3534-4c09-be0a-04473401ab93', CAST(N'2022-07-08T06:26:49.037' AS DateTime))
INSERT [CRE].[RuleTypeDetail] ([RuleTypeDetailID], [RuleTypeMasterID], [FileName], [Content], [DBFileName], [IsBalanceAware], [Type], [CreatedBy], [CreatedDate], [UpdatedBy], [UpdatedDate]) VALUES (3, 3, N'DefaultRules_BalanceAware.json', N'', N'Rules_DefaultRules_BalanceAware06_22_2022_17_51_02.json', 1, N'json', NULL, NULL, N'b0e6697b-3534-4c09-be0a-04473401ab93', CAST(N'2022-06-22T17:51:03.397' AS DateTime))
INSERT [CRE].[RuleTypeDetail] ([RuleTypeDetailID], [RuleTypeMasterID], [FileName], [Content], [DBFileName], [IsBalanceAware], [Type], [CreatedBy], [CreatedDate], [UpdatedBy], [UpdatedDate]) VALUES (4, 3, N'DefaultRules_non_BalanceAware.json', N'', N'Rules_DefaultRules_non_BalanceAware07_12_2022_04_35_40.json', 0, N'json', NULL, NULL, N'b0e6697b-3534-4c09-be0a-04473401ab93', CAST(N'2022-07-12T04:35:40.977' AS DateTime))
INSERT [CRE].[RuleTypeDetail] ([RuleTypeDetailID], [RuleTypeMasterID], [FileName], [Content], [DBFileName], [IsBalanceAware], [Type], [CreatedBy], [CreatedDate], [UpdatedBy], [UpdatedDate]) VALUES (8, 1, N'DefaultAccount.json', N'', N'Accounts_DefaultAccount07_12_2022_04_36_09.json', 0, N'json', N'b0e6697b-3534-4c09-be0a-04473401ab93', CAST(N'2022-01-18T08:06:50.253' AS DateTime), N'b0e6697b-3534-4c09-be0a-04473401ab93', CAST(N'2022-07-12T04:36:09.260' AS DateTime))
INSERT [CRE].[RuleTypeDetail] ([RuleTypeDetailID], [RuleTypeMasterID], [FileName], [Content], [DBFileName], [IsBalanceAware], [Type], [CreatedBy], [CreatedDate], [UpdatedBy], [UpdatedDate]) VALUES (9, 3, N'BasisRules_BalanceAware.json', N'', N'Rules_BasisRules_BalanceAware.json.json', 0, N'json', N'b0e6697b-3534-4c09-be0a-04473401ab93', CAST(N'2022-01-18T12:41:45.463' AS DateTime), N'b0e6697b-3534-4c09-be0a-04473401ab93', CAST(N'2022-01-18T12:41:45.463' AS DateTime))
INSERT [CRE].[RuleTypeDetail] ([RuleTypeDetailID], [RuleTypeMasterID], [FileName], [Content], [DBFileName], [IsBalanceAware], [Type], [CreatedBy], [CreatedDate], [UpdatedBy], [UpdatedDate]) VALUES (10, 3, N'BasisRules_non_BalanceAware.json', N'', N'Rules_BasisRules_non_BalanceAware07_06_2022_00_54_32.json', 0, N'json', N'b0e6697b-3534-4c09-be0a-04473401ab93', CAST(N'2022-01-18T12:43:32.850' AS DateTime), N'b0e6697b-3534-4c09-be0a-04473401ab93', CAST(N'2022-07-06T00:54:32.317' AS DateTime))
INSERT [CRE].[RuleTypeDetail] ([RuleTypeDetailID], [RuleTypeMasterID], [FileName], [Content], [DBFileName], [IsBalanceAware], [Type], [CreatedBy], [CreatedDate], [UpdatedBy], [UpdatedDate]) VALUES (11, 2, N'BasisConfig.json', N'', N'Config_BasisConfig.json', 0, N'json', N'b0e6697b-3534-4c09-be0a-04473401ab93', CAST(N'2022-01-18T12:44:17.727' AS DateTime), N'b0e6697b-3534-4c09-be0a-04473401ab93', CAST(N'2022-03-31T06:00:14.020' AS DateTime))
INSERT [CRE].[RuleTypeDetail] ([RuleTypeDetailID], [RuleTypeMasterID], [FileName], [Content], [DBFileName], [IsBalanceAware], [Type], [CreatedBy], [CreatedDate], [UpdatedBy], [UpdatedDate]) VALUES (12, 1, N'BasisAccount.json', N'', N'Accounts_BasisAccount07_06_2022_00_54_55.json', 0, N'json', N'b0e6697b-3534-4c09-be0a-04473401ab93', CAST(N'2022-01-18T12:44:52.860' AS DateTime), N'b0e6697b-3534-4c09-be0a-04473401ab93', CAST(N'2022-07-06T00:54:55.130' AS DateTime))
INSERT [CRE].[RuleTypeDetail] ([RuleTypeDetailID], [RuleTypeMasterID], [FileName], [Content], [DBFileName], [IsBalanceAware], [Type], [CreatedBy], [CreatedDate], [UpdatedBy], [UpdatedDate]) VALUES (13, 3, N'PrepayRules.json', N'', N'Rules_PrepayRules.json04_28_2022_14_15_49.json', 0, N'json', N'b0e6697b-3534-4c09-be0a-04473401ab93', CAST(N'2022-01-19T06:26:38.677' AS DateTime), N'b0e6697b-3534-4c09-be0a-04473401ab93', CAST(N'2022-04-28T08:46:43.950' AS DateTime))
INSERT [CRE].[RuleTypeDetail] ([RuleTypeDetailID], [RuleTypeMasterID], [FileName], [Content], [DBFileName], [IsBalanceAware], [Type], [CreatedBy], [CreatedDate], [UpdatedBy], [UpdatedDate]) VALUES (14, 4, N'prepay.py', N'', N'Prepay_prepay.json', 0, N'json', N'b0e6697b-3534-4c09-be0a-04473401ab93', CAST(N'2022-01-20T06:49:35.633' AS DateTime), N'b0e6697b-3534-4c09-be0a-04473401ab93', CAST(N'2022-04-19T04:41:44.247' AS DateTime))
INSERT [CRE].[RuleTypeDetail] ([RuleTypeDetailID], [RuleTypeMasterID], [FileName], [Content], [DBFileName], [IsBalanceAware], [Type], [CreatedBy], [CreatedDate], [UpdatedBy], [UpdatedDate]) VALUES (15, 4, N'FedReservePrepayRules.py', N'', N'Prepay_FedReservePrepayRules.py', 0, N'json', N'b0e6697b-3534-4c09-be0a-04473401ab93', CAST(N'2022-04-19T16:43:33.703' AS DateTime), N'b0e6697b-3534-4c09-be0a-04473401ab93', CAST(N'2022-04-19T16:43:33.703' AS DateTime))
INSERT [CRE].[RuleTypeDetail] ([RuleTypeDetailID], [RuleTypeMasterID], [FileName], [Content], [DBFileName], [IsBalanceAware], [Type], [CreatedBy], [CreatedDate], [UpdatedBy], [UpdatedDate]) VALUES (16, 3, N'AKDefault.json', N'', N'Rules_AKDefault06_29_2022_23_20_29.json', 0, N'json', N'b0e6697b-3534-4c09-be0a-04473401ab93', CAST(N'2022-04-26T03:53:51.093' AS DateTime), N'b0e6697b-3534-4c09-be0a-04473401ab93', CAST(N'2022-06-29T23:20:30.043' AS DateTime))
INSERT [CRE].[RuleTypeDetail] ([RuleTypeDetailID], [RuleTypeMasterID], [FileName], [Content], [DBFileName], [IsBalanceAware], [Type], [CreatedBy], [CreatedDate], [UpdatedBy], [UpdatedDate]) VALUES (17, 3, N'ASDefault.json', N'', N'Rules_ASDefault.json', 0, N'json', N'b0e6697b-3534-4c09-be0a-04473401ab93', CAST(N'2022-04-26T04:49:59.907' AS DateTime), N'b0e6697b-3534-4c09-be0a-04473401ab93', CAST(N'2022-04-26T04:49:59.907' AS DateTime))
INSERT [CRE].[RuleTypeDetail] ([RuleTypeDetailID], [RuleTypeMasterID], [FileName], [Content], [DBFileName], [IsBalanceAware], [Type], [CreatedBy], [CreatedDate], [UpdatedBy], [UpdatedDate]) VALUES (18, 3, N'CBDefault.json', N'', N'Rules_CBDefault07_07_2022_08_59_34.json', 0, N'json', N'b0e6697b-3534-4c09-be0a-04473401ab93', CAST(N'2022-04-27T12:29:13.320' AS DateTime), N'b0e6697b-3534-4c09-be0a-04473401ab93', CAST(N'2022-07-07T08:59:34.207' AS DateTime))
INSERT [CRE].[RuleTypeDetail] ([RuleTypeDetailID], [RuleTypeMasterID], [FileName], [Content], [DBFileName], [IsBalanceAware], [Type], [CreatedBy], [CreatedDate], [UpdatedBy], [UpdatedDate]) VALUES (19, 2, N'CBDefaultConfig.json', N'', N'Config_CBDefaultConfig07_07_2022_09_00_02.json', 0, N'json', N'b0e6697b-3534-4c09-be0a-04473401ab93', CAST(N'2022-04-27T12:29:48.093' AS DateTime), N'b0e6697b-3534-4c09-be0a-04473401ab93', CAST(N'2022-07-07T09:00:02.247' AS DateTime))
INSERT [CRE].[RuleTypeDetail] ([RuleTypeDetailID], [RuleTypeMasterID], [FileName], [Content], [DBFileName], [IsBalanceAware], [Type], [CreatedBy], [CreatedDate], [UpdatedBy], [UpdatedDate]) VALUES (20, 1, N'CBDefaultAccount.json', N'', N'Accounts_CBDefaultAccount07_07_2022_08_59_48.json', 0, N'json', N'b0e6697b-3534-4c09-be0a-04473401ab93', CAST(N'2022-04-27T12:30:23.377' AS DateTime), N'b0e6697b-3534-4c09-be0a-04473401ab93', CAST(N'2022-07-07T08:59:48.670' AS DateTime))
INSERT [CRE].[RuleTypeDetail] ([RuleTypeDetailID], [RuleTypeMasterID], [FileName], [Content], [DBFileName], [IsBalanceAware], [Type], [CreatedBy], [CreatedDate], [UpdatedBy], [UpdatedDate]) VALUES (21, 4, N'prepay.py', N'', N'Prepay_prepay.py', 0, N'json', N'b0e6697b-3534-4c09-be0a-04473401ab93', CAST(N'2022-04-28T04:36:09.647' AS DateTime), N'b0e6697b-3534-4c09-be0a-04473401ab93', CAST(N'2022-04-28T04:36:09.647' AS DateTime))
INSERT [CRE].[RuleTypeDetail] ([RuleTypeDetailID], [RuleTypeMasterID], [FileName], [Content], [DBFileName], [IsBalanceAware], [Type], [CreatedBy], [CreatedDate], [UpdatedBy], [UpdatedDate]) VALUES (22, 1, N'AKDefaultAccount.json', N'', N'Accounts_AKDefaultAccount06_29_2022_23_20_47.json', 0, N'json', N'b0e6697b-3534-4c09-be0a-04473401ab93', CAST(N'2022-05-03T13:55:33.400' AS DateTime), N'b0e6697b-3534-4c09-be0a-04473401ab93', CAST(N'2022-06-29T23:20:47.110' AS DateTime))
INSERT [CRE].[RuleTypeDetail] ([RuleTypeDetailID], [RuleTypeMasterID], [FileName], [Content], [DBFileName], [IsBalanceAware], [Type], [CreatedBy], [CreatedDate], [UpdatedBy], [UpdatedDate]) VALUES (23, 1, N'RMDefaultAccount.json', N'', N'Accounts_RMDefaultAccount07_12_2022_04_36_01.json', 0, N'json', N'b0e6697b-3534-4c09-be0a-04473401ab93', CAST(N'2022-05-23T11:43:47.893' AS DateTime), N'b0e6697b-3534-4c09-be0a-04473401ab93', CAST(N'2022-07-12T04:36:01.370' AS DateTime))
INSERT [CRE].[RuleTypeDetail] ([RuleTypeDetailID], [RuleTypeMasterID], [FileName], [Content], [DBFileName], [IsBalanceAware], [Type], [CreatedBy], [CreatedDate], [UpdatedBy], [UpdatedDate]) VALUES (24, 2, N'RMDefaultConfig.json', N'', N'Config_RMDefaultConfig07_08_2022_10_09_36.json', 0, N'json', N'b0e6697b-3534-4c09-be0a-04473401ab93', CAST(N'2022-05-23T11:44:33.050' AS DateTime), N'b0e6697b-3534-4c09-be0a-04473401ab93', CAST(N'2022-07-08T10:09:36.593' AS DateTime))
INSERT [CRE].[RuleTypeDetail] ([RuleTypeDetailID], [RuleTypeMasterID], [FileName], [Content], [DBFileName], [IsBalanceAware], [Type], [CreatedBy], [CreatedDate], [UpdatedBy], [UpdatedDate]) VALUES (25, 3, N'RMDefault.json', N'', N'Rules_RMDefault07_12_2022_04_35_49.json', 0, N'json', N'b0e6697b-3534-4c09-be0a-04473401ab93', CAST(N'2022-05-23T11:45:31.057' AS DateTime), N'b0e6697b-3534-4c09-be0a-04473401ab93', CAST(N'2022-07-12T04:35:49.237' AS DateTime))
SET IDENTITY_INSERT [CRE].[RuleTypeDetail] OFF
go

Truncate table [CRE].[AnalysisRuleTypeSetup]
go
SET IDENTITY_INSERT [CRE].[AnalysisRuleTypeSetup] ON 

INSERT [CRE].[AnalysisRuleTypeSetup] ([AnalysisRuleTypeSetupID], [AnalysisID], [RuleTypeMasterID], [RuleTypeDetailID], [CreatedBy], [CreatedDate], [UpdatedBy], [UpdatedDate]) VALUES (1, N'261ca4f1-a0af-45c1-8cf6-053dafaaa835', 1, 1, NULL, NULL, NULL, NULL)
INSERT [CRE].[AnalysisRuleTypeSetup] ([AnalysisRuleTypeSetupID], [AnalysisID], [RuleTypeMasterID], [RuleTypeDetailID], [CreatedBy], [CreatedDate], [UpdatedBy], [UpdatedDate]) VALUES (3, N'aa695720-93ea-4a3b-ba47-67d7e11902d1', 1, 1, NULL, NULL, NULL, NULL)
INSERT [CRE].[AnalysisRuleTypeSetup] ([AnalysisRuleTypeSetupID], [AnalysisID], [RuleTypeMasterID], [RuleTypeDetailID], [CreatedBy], [CreatedDate], [UpdatedBy], [UpdatedDate]) VALUES (4, N'37f2140c-b408-4982-9192-67fef1cd1bfc', 1, 1, NULL, NULL, NULL, NULL)
INSERT [CRE].[AnalysisRuleTypeSetup] ([AnalysisRuleTypeSetupID], [AnalysisID], [RuleTypeMasterID], [RuleTypeDetailID], [CreatedBy], [CreatedDate], [UpdatedBy], [UpdatedDate]) VALUES (5, N'45cf083b-4755-4a8c-982a-7dc6d7b8e5f2', 1, 1, NULL, NULL, NULL, NULL)
INSERT [CRE].[AnalysisRuleTypeSetup] ([AnalysisRuleTypeSetupID], [AnalysisID], [RuleTypeMasterID], [RuleTypeDetailID], [CreatedBy], [CreatedDate], [UpdatedBy], [UpdatedDate]) VALUES (7, N'efb2c7a2-08d8-418a-8e88-ca9a7c6a4ec9', 1, 1, NULL, NULL, NULL, NULL)
INSERT [CRE].[AnalysisRuleTypeSetup] ([AnalysisRuleTypeSetupID], [AnalysisID], [RuleTypeMasterID], [RuleTypeDetailID], [CreatedBy], [CreatedDate], [UpdatedBy], [UpdatedDate]) VALUES (8, N'852224d0-0532-4ea7-9ef4-cb47c68b8833', 1, 1, NULL, NULL, NULL, NULL)
INSERT [CRE].[AnalysisRuleTypeSetup] ([AnalysisRuleTypeSetupID], [AnalysisID], [RuleTypeMasterID], [RuleTypeDetailID], [CreatedBy], [CreatedDate], [UpdatedBy], [UpdatedDate]) VALUES (10, N'261ca4f1-a0af-45c1-8cf6-053dafaaa835', 2, 2, NULL, NULL, NULL, NULL)
INSERT [CRE].[AnalysisRuleTypeSetup] ([AnalysisRuleTypeSetupID], [AnalysisID], [RuleTypeMasterID], [RuleTypeDetailID], [CreatedBy], [CreatedDate], [UpdatedBy], [UpdatedDate]) VALUES (12, N'aa695720-93ea-4a3b-ba47-67d7e11902d1', 2, 2, NULL, NULL, NULL, NULL)
INSERT [CRE].[AnalysisRuleTypeSetup] ([AnalysisRuleTypeSetupID], [AnalysisID], [RuleTypeMasterID], [RuleTypeDetailID], [CreatedBy], [CreatedDate], [UpdatedBy], [UpdatedDate]) VALUES (13, N'37f2140c-b408-4982-9192-67fef1cd1bfc', 2, 2, NULL, NULL, NULL, NULL)
INSERT [CRE].[AnalysisRuleTypeSetup] ([AnalysisRuleTypeSetupID], [AnalysisID], [RuleTypeMasterID], [RuleTypeDetailID], [CreatedBy], [CreatedDate], [UpdatedBy], [UpdatedDate]) VALUES (14, N'45cf083b-4755-4a8c-982a-7dc6d7b8e5f2', 2, 2, NULL, NULL, NULL, NULL)
INSERT [CRE].[AnalysisRuleTypeSetup] ([AnalysisRuleTypeSetupID], [AnalysisID], [RuleTypeMasterID], [RuleTypeDetailID], [CreatedBy], [CreatedDate], [UpdatedBy], [UpdatedDate]) VALUES (16, N'efb2c7a2-08d8-418a-8e88-ca9a7c6a4ec9', 2, 2, NULL, NULL, NULL, NULL)
INSERT [CRE].[AnalysisRuleTypeSetup] ([AnalysisRuleTypeSetupID], [AnalysisID], [RuleTypeMasterID], [RuleTypeDetailID], [CreatedBy], [CreatedDate], [UpdatedBy], [UpdatedDate]) VALUES (17, N'852224d0-0532-4ea7-9ef4-cb47c68b8833', 2, 2, NULL, NULL, NULL, NULL)
INSERT [CRE].[AnalysisRuleTypeSetup] ([AnalysisRuleTypeSetupID], [AnalysisID], [RuleTypeMasterID], [RuleTypeDetailID], [CreatedBy], [CreatedDate], [UpdatedBy], [UpdatedDate]) VALUES (19, N'261ca4f1-a0af-45c1-8cf6-053dafaaa835', 3, 4, NULL, NULL, NULL, NULL)
INSERT [CRE].[AnalysisRuleTypeSetup] ([AnalysisRuleTypeSetupID], [AnalysisID], [RuleTypeMasterID], [RuleTypeDetailID], [CreatedBy], [CreatedDate], [UpdatedBy], [UpdatedDate]) VALUES (21, N'aa695720-93ea-4a3b-ba47-67d7e11902d1', 3, 4, NULL, NULL, NULL, NULL)
INSERT [CRE].[AnalysisRuleTypeSetup] ([AnalysisRuleTypeSetupID], [AnalysisID], [RuleTypeMasterID], [RuleTypeDetailID], [CreatedBy], [CreatedDate], [UpdatedBy], [UpdatedDate]) VALUES (22, N'37f2140c-b408-4982-9192-67fef1cd1bfc', 3, 4, NULL, NULL, NULL, NULL)
INSERT [CRE].[AnalysisRuleTypeSetup] ([AnalysisRuleTypeSetupID], [AnalysisID], [RuleTypeMasterID], [RuleTypeDetailID], [CreatedBy], [CreatedDate], [UpdatedBy], [UpdatedDate]) VALUES (23, N'45cf083b-4755-4a8c-982a-7dc6d7b8e5f2', 3, 4, NULL, NULL, NULL, NULL)
INSERT [CRE].[AnalysisRuleTypeSetup] ([AnalysisRuleTypeSetupID], [AnalysisID], [RuleTypeMasterID], [RuleTypeDetailID], [CreatedBy], [CreatedDate], [UpdatedBy], [UpdatedDate]) VALUES (25, N'efb2c7a2-08d8-418a-8e88-ca9a7c6a4ec9', 3, 4, NULL, NULL, NULL, NULL)
INSERT [CRE].[AnalysisRuleTypeSetup] ([AnalysisRuleTypeSetupID], [AnalysisID], [RuleTypeMasterID], [RuleTypeDetailID], [CreatedBy], [CreatedDate], [UpdatedBy], [UpdatedDate]) VALUES (26, N'852224d0-0532-4ea7-9ef4-cb47c68b8833', 3, 4, NULL, NULL, NULL, NULL)
INSERT [CRE].[AnalysisRuleTypeSetup] ([AnalysisRuleTypeSetupID], [AnalysisID], [RuleTypeMasterID], [RuleTypeDetailID], [CreatedBy], [CreatedDate], [UpdatedBy], [UpdatedDate]) VALUES (40, N'e50c2a12-5d4b-4540-a9c0-db06d73f919d', 1, 8, N'b0e6697b-3534-4c09-be0a-04473401ab93', CAST(N'2022-01-19T06:45:08.610' AS DateTime), N'b0e6697b-3534-4c09-be0a-04473401ab93', CAST(N'2022-01-19T06:45:08.610' AS DateTime))
INSERT [CRE].[AnalysisRuleTypeSetup] ([AnalysisRuleTypeSetupID], [AnalysisID], [RuleTypeMasterID], [RuleTypeDetailID], [CreatedBy], [CreatedDate], [UpdatedBy], [UpdatedDate]) VALUES (41, N'e50c2a12-5d4b-4540-a9c0-db06d73f919d', 2, 2, N'b0e6697b-3534-4c09-be0a-04473401ab93', CAST(N'2022-01-19T06:45:08.610' AS DateTime), N'b0e6697b-3534-4c09-be0a-04473401ab93', CAST(N'2022-01-19T06:45:08.610' AS DateTime))
INSERT [CRE].[AnalysisRuleTypeSetup] ([AnalysisRuleTypeSetupID], [AnalysisID], [RuleTypeMasterID], [RuleTypeDetailID], [CreatedBy], [CreatedDate], [UpdatedBy], [UpdatedDate]) VALUES (42, N'e50c2a12-5d4b-4540-a9c0-db06d73f919d', 3, 4, N'b0e6697b-3534-4c09-be0a-04473401ab93', CAST(N'2022-01-19T06:45:08.610' AS DateTime), N'b0e6697b-3534-4c09-be0a-04473401ab93', CAST(N'2022-01-19T06:45:08.610' AS DateTime))
INSERT [CRE].[AnalysisRuleTypeSetup] ([AnalysisRuleTypeSetupID], [AnalysisID], [RuleTypeMasterID], [RuleTypeDetailID], [CreatedBy], [CreatedDate], [UpdatedBy], [UpdatedDate]) VALUES (43, N'e50c2a12-5d4b-4540-a9c0-db06d73f919d', 1, 8, N'b0e6697b-3534-4c09-be0a-04473401ab93', CAST(N'2022-01-19T06:45:08.610' AS DateTime), N'b0e6697b-3534-4c09-be0a-04473401ab93', CAST(N'2022-01-19T06:45:08.610' AS DateTime))
INSERT [CRE].[AnalysisRuleTypeSetup] ([AnalysisRuleTypeSetupID], [AnalysisID], [RuleTypeMasterID], [RuleTypeDetailID], [CreatedBy], [CreatedDate], [UpdatedBy], [UpdatedDate]) VALUES (44, N'e50c2a12-5d4b-4540-a9c0-db06d73f919d', 2, 2, N'b0e6697b-3534-4c09-be0a-04473401ab93', CAST(N'2022-01-19T06:45:08.610' AS DateTime), N'b0e6697b-3534-4c09-be0a-04473401ab93', CAST(N'2022-01-19T06:45:08.610' AS DateTime))
INSERT [CRE].[AnalysisRuleTypeSetup] ([AnalysisRuleTypeSetupID], [AnalysisID], [RuleTypeMasterID], [RuleTypeDetailID], [CreatedBy], [CreatedDate], [UpdatedBy], [UpdatedDate]) VALUES (45, N'e50c2a12-5d4b-4540-a9c0-db06d73f919d', 3, 4, N'b0e6697b-3534-4c09-be0a-04473401ab93', CAST(N'2022-01-19T06:45:08.610' AS DateTime), N'b0e6697b-3534-4c09-be0a-04473401ab93', CAST(N'2022-01-19T06:45:08.610' AS DateTime))
INSERT [CRE].[AnalysisRuleTypeSetup] ([AnalysisRuleTypeSetupID], [AnalysisID], [RuleTypeMasterID], [RuleTypeDetailID], [CreatedBy], [CreatedDate], [UpdatedBy], [UpdatedDate]) VALUES (162, N'62c7211c-504e-418e-9089-8d8ca0fbc3bc', 1, 20, N'b0e6697b-3534-4c09-be0a-04473401ab93', CAST(N'2022-05-05T07:43:21.107' AS DateTime), N'b0e6697b-3534-4c09-be0a-04473401ab93', CAST(N'2022-05-05T07:43:21.107' AS DateTime))
INSERT [CRE].[AnalysisRuleTypeSetup] ([AnalysisRuleTypeSetupID], [AnalysisID], [RuleTypeMasterID], [RuleTypeDetailID], [CreatedBy], [CreatedDate], [UpdatedBy], [UpdatedDate]) VALUES (163, N'62c7211c-504e-418e-9089-8d8ca0fbc3bc', 2, 19, N'b0e6697b-3534-4c09-be0a-04473401ab93', CAST(N'2022-05-05T07:43:21.107' AS DateTime), N'b0e6697b-3534-4c09-be0a-04473401ab93', CAST(N'2022-05-05T07:43:21.107' AS DateTime))
INSERT [CRE].[AnalysisRuleTypeSetup] ([AnalysisRuleTypeSetupID], [AnalysisID], [RuleTypeMasterID], [RuleTypeDetailID], [CreatedBy], [CreatedDate], [UpdatedBy], [UpdatedDate]) VALUES (164, N'62c7211c-504e-418e-9089-8d8ca0fbc3bc', 3, 18, N'b0e6697b-3534-4c09-be0a-04473401ab93', CAST(N'2022-05-05T07:43:21.107' AS DateTime), N'b0e6697b-3534-4c09-be0a-04473401ab93', CAST(N'2022-05-05T07:43:21.107' AS DateTime))
INSERT [CRE].[AnalysisRuleTypeSetup] ([AnalysisRuleTypeSetupID], [AnalysisID], [RuleTypeMasterID], [RuleTypeDetailID], [CreatedBy], [CreatedDate], [UpdatedBy], [UpdatedDate]) VALUES (165, N'62c7211c-504e-418e-9089-8d8ca0fbc3bc', 4, 14, N'b0e6697b-3534-4c09-be0a-04473401ab93', CAST(N'2022-05-05T07:43:21.107' AS DateTime), N'b0e6697b-3534-4c09-be0a-04473401ab93', CAST(N'2022-05-05T07:43:21.107' AS DateTime))
INSERT [CRE].[AnalysisRuleTypeSetup] ([AnalysisRuleTypeSetupID], [AnalysisID], [RuleTypeMasterID], [RuleTypeDetailID], [CreatedBy], [CreatedDate], [UpdatedBy], [UpdatedDate]) VALUES (174, N'4c13f294-d3eb-4f58-b664-24d6848cc33d', 1, 23, N'b0e6697b-3534-4c09-be0a-04473401ab93', CAST(N'2022-05-23T11:47:05.040' AS DateTime), N'b0e6697b-3534-4c09-be0a-04473401ab93', CAST(N'2022-05-23T11:47:05.040' AS DateTime))
INSERT [CRE].[AnalysisRuleTypeSetup] ([AnalysisRuleTypeSetupID], [AnalysisID], [RuleTypeMasterID], [RuleTypeDetailID], [CreatedBy], [CreatedDate], [UpdatedBy], [UpdatedDate]) VALUES (175, N'4c13f294-d3eb-4f58-b664-24d6848cc33d', 2, 24, N'b0e6697b-3534-4c09-be0a-04473401ab93', CAST(N'2022-05-23T11:47:05.040' AS DateTime), N'b0e6697b-3534-4c09-be0a-04473401ab93', CAST(N'2022-05-23T11:47:05.040' AS DateTime))
INSERT [CRE].[AnalysisRuleTypeSetup] ([AnalysisRuleTypeSetupID], [AnalysisID], [RuleTypeMasterID], [RuleTypeDetailID], [CreatedBy], [CreatedDate], [UpdatedBy], [UpdatedDate]) VALUES (176, N'4c13f294-d3eb-4f58-b664-24d6848cc33d', 3, 25, N'b0e6697b-3534-4c09-be0a-04473401ab93', CAST(N'2022-05-23T11:47:05.040' AS DateTime), N'b0e6697b-3534-4c09-be0a-04473401ab93', CAST(N'2022-05-23T11:47:05.040' AS DateTime))
INSERT [CRE].[AnalysisRuleTypeSetup] ([AnalysisRuleTypeSetupID], [AnalysisID], [RuleTypeMasterID], [RuleTypeDetailID], [CreatedBy], [CreatedDate], [UpdatedBy], [UpdatedDate]) VALUES (177, N'4c13f294-d3eb-4f58-b664-24d6848cc33d', 4, 14, N'b0e6697b-3534-4c09-be0a-04473401ab93', CAST(N'2022-05-23T11:47:05.040' AS DateTime), N'b0e6697b-3534-4c09-be0a-04473401ab93', CAST(N'2022-05-23T11:47:05.040' AS DateTime))
INSERT [CRE].[AnalysisRuleTypeSetup] ([AnalysisRuleTypeSetupID], [AnalysisID], [RuleTypeMasterID], [RuleTypeDetailID], [CreatedBy], [CreatedDate], [UpdatedBy], [UpdatedDate]) VALUES (194, N'02d20d3e-291a-42f8-afcd-bddfbb9da16b', 1, 12, N'b0e6697b-3534-4c09-be0a-04473401ab93', CAST(N'2022-06-22T08:38:39.313' AS DateTime), N'b0e6697b-3534-4c09-be0a-04473401ab93', CAST(N'2022-06-22T08:38:39.313' AS DateTime))
INSERT [CRE].[AnalysisRuleTypeSetup] ([AnalysisRuleTypeSetupID], [AnalysisID], [RuleTypeMasterID], [RuleTypeDetailID], [CreatedBy], [CreatedDate], [UpdatedBy], [UpdatedDate]) VALUES (195, N'02d20d3e-291a-42f8-afcd-bddfbb9da16b', 2, 11, N'b0e6697b-3534-4c09-be0a-04473401ab93', CAST(N'2022-06-22T08:38:39.313' AS DateTime), N'b0e6697b-3534-4c09-be0a-04473401ab93', CAST(N'2022-06-22T08:38:39.313' AS DateTime))
INSERT [CRE].[AnalysisRuleTypeSetup] ([AnalysisRuleTypeSetupID], [AnalysisID], [RuleTypeMasterID], [RuleTypeDetailID], [CreatedBy], [CreatedDate], [UpdatedBy], [UpdatedDate]) VALUES (196, N'02d20d3e-291a-42f8-afcd-bddfbb9da16b', 3, 10, N'b0e6697b-3534-4c09-be0a-04473401ab93', CAST(N'2022-06-22T08:38:39.313' AS DateTime), N'b0e6697b-3534-4c09-be0a-04473401ab93', CAST(N'2022-06-22T08:38:39.313' AS DateTime))
INSERT [CRE].[AnalysisRuleTypeSetup] ([AnalysisRuleTypeSetupID], [AnalysisID], [RuleTypeMasterID], [RuleTypeDetailID], [CreatedBy], [CreatedDate], [UpdatedBy], [UpdatedDate]) VALUES (197, N'02d20d3e-291a-42f8-afcd-bddfbb9da16b', 4, 14, N'b0e6697b-3534-4c09-be0a-04473401ab93', CAST(N'2022-06-22T08:38:39.313' AS DateTime), N'b0e6697b-3534-4c09-be0a-04473401ab93', CAST(N'2022-06-22T08:38:39.313' AS DateTime))
INSERT [CRE].[AnalysisRuleTypeSetup] ([AnalysisRuleTypeSetupID], [AnalysisID], [RuleTypeMasterID], [RuleTypeDetailID], [CreatedBy], [CreatedDate], [UpdatedBy], [UpdatedDate]) VALUES (198, N'c197eb40-4811-467e-80c5-5a9cce055365', 1, 22, N'b0e6697b-3534-4c09-be0a-04473401ab93', CAST(N'2022-06-29T23:21:15.990' AS DateTime), N'b0e6697b-3534-4c09-be0a-04473401ab93', CAST(N'2022-06-29T23:21:15.990' AS DateTime))
INSERT [CRE].[AnalysisRuleTypeSetup] ([AnalysisRuleTypeSetupID], [AnalysisID], [RuleTypeMasterID], [RuleTypeDetailID], [CreatedBy], [CreatedDate], [UpdatedBy], [UpdatedDate]) VALUES (199, N'c197eb40-4811-467e-80c5-5a9cce055365', 2, 2, N'b0e6697b-3534-4c09-be0a-04473401ab93', CAST(N'2022-06-29T23:21:15.990' AS DateTime), N'b0e6697b-3534-4c09-be0a-04473401ab93', CAST(N'2022-06-29T23:21:15.990' AS DateTime))
INSERT [CRE].[AnalysisRuleTypeSetup] ([AnalysisRuleTypeSetupID], [AnalysisID], [RuleTypeMasterID], [RuleTypeDetailID], [CreatedBy], [CreatedDate], [UpdatedBy], [UpdatedDate]) VALUES (200, N'c197eb40-4811-467e-80c5-5a9cce055365', 3, 16, N'b0e6697b-3534-4c09-be0a-04473401ab93', CAST(N'2022-06-29T23:21:15.990' AS DateTime), N'b0e6697b-3534-4c09-be0a-04473401ab93', CAST(N'2022-06-29T23:21:15.990' AS DateTime))
INSERT [CRE].[AnalysisRuleTypeSetup] ([AnalysisRuleTypeSetupID], [AnalysisID], [RuleTypeMasterID], [RuleTypeDetailID], [CreatedBy], [CreatedDate], [UpdatedBy], [UpdatedDate]) VALUES (201, N'c197eb40-4811-467e-80c5-5a9cce055365', 4, 14, N'b0e6697b-3534-4c09-be0a-04473401ab93', CAST(N'2022-06-29T23:21:15.990' AS DateTime), N'b0e6697b-3534-4c09-be0a-04473401ab93', CAST(N'2022-06-29T23:21:15.990' AS DateTime))
INSERT [CRE].[AnalysisRuleTypeSetup] ([AnalysisRuleTypeSetupID], [AnalysisID], [RuleTypeMasterID], [RuleTypeDetailID], [CreatedBy], [CreatedDate], [UpdatedBy], [UpdatedDate]) VALUES (206, N'c10f3372-0fc2-4861-a9f5-148f1f80804f', 1, 8, N'b0e6697b-3534-4c09-be0a-04473401ab93', CAST(N'2022-07-11T18:38:28.947' AS DateTime), N'b0e6697b-3534-4c09-be0a-04473401ab93', CAST(N'2022-07-11T18:38:28.947' AS DateTime))
INSERT [CRE].[AnalysisRuleTypeSetup] ([AnalysisRuleTypeSetupID], [AnalysisID], [RuleTypeMasterID], [RuleTypeDetailID], [CreatedBy], [CreatedDate], [UpdatedBy], [UpdatedDate]) VALUES (207, N'c10f3372-0fc2-4861-a9f5-148f1f80804f', 2, 2, N'b0e6697b-3534-4c09-be0a-04473401ab93', CAST(N'2022-07-11T18:38:28.947' AS DateTime), N'b0e6697b-3534-4c09-be0a-04473401ab93', CAST(N'2022-07-11T18:38:28.947' AS DateTime))
INSERT [CRE].[AnalysisRuleTypeSetup] ([AnalysisRuleTypeSetupID], [AnalysisID], [RuleTypeMasterID], [RuleTypeDetailID], [CreatedBy], [CreatedDate], [UpdatedBy], [UpdatedDate]) VALUES (208, N'c10f3372-0fc2-4861-a9f5-148f1f80804f', 3, 4, N'b0e6697b-3534-4c09-be0a-04473401ab93', CAST(N'2022-07-11T18:38:28.947' AS DateTime), N'b0e6697b-3534-4c09-be0a-04473401ab93', CAST(N'2022-07-11T18:38:28.947' AS DateTime))
INSERT [CRE].[AnalysisRuleTypeSetup] ([AnalysisRuleTypeSetupID], [AnalysisID], [RuleTypeMasterID], [RuleTypeDetailID], [CreatedBy], [CreatedDate], [UpdatedBy], [UpdatedDate]) VALUES (209, N'c10f3372-0fc2-4861-a9f5-148f1f80804f', 4, 14, N'b0e6697b-3534-4c09-be0a-04473401ab93', CAST(N'2022-07-11T18:38:28.947' AS DateTime), N'b0e6697b-3534-4c09-be0a-04473401ab93', CAST(N'2022-07-11T18:38:28.947' AS DateTime))
SET IDENTITY_INSERT [CRE].[AnalysisRuleTypeSetup] OFF
go

truncate table [CRE].[DealNoteRuleTypeSetup]
go
SET IDENTITY_INSERT [CRE].[DealNoteRuleTypeSetup] ON 

INSERT [CRE].[DealNoteRuleTypeSetup] ([DealNoteRuleTypeSetupID], [AnalysisID], [DealID], [NoteID], [RuleTypeMasterID], [RuleTypeDetailID], [CreatedBy], [CreatedDate], [UpdatedBy], [UpdatedDate]) VALUES (30, N'c10f3372-0fc2-4861-a9f5-148f1f80804f', N'332a5e28-5ce1-4eb4-ae5c-77cccee140c9', NULL, 4, 14, N'b0e6697b-3534-4c09-be0a-04473401ab93', CAST(N'2022-04-28T12:35:04.557' AS DateTime), N'b0e6697b-3534-4c09-be0a-04473401ab93', CAST(N'2022-04-28T12:35:04.557' AS DateTime))
INSERT [CRE].[DealNoteRuleTypeSetup] ([DealNoteRuleTypeSetupID], [AnalysisID], [DealID], [NoteID], [RuleTypeMasterID], [RuleTypeDetailID], [CreatedBy], [CreatedDate], [UpdatedBy], [UpdatedDate]) VALUES (31, N'c10f3372-0fc2-4861-a9f5-148f1f80804f', N'332a5e28-5ce1-4eb4-ae5c-77cccee140c9', NULL, 4, 14, N'b0e6697b-3534-4c09-be0a-04473401ab93', CAST(N'2022-04-28T12:35:04.557' AS DateTime), N'b0e6697b-3534-4c09-be0a-04473401ab93', CAST(N'2022-04-28T12:35:04.557' AS DateTime))
SET IDENTITY_INSERT [CRE].[DealNoteRuleTypeSetup] OFF