
--Select * from [CRE].[RuleTypeMaster]
--Select * from [CRE].[RuleTypeDetail]
--Select * from [CRE].[AnalysisRuleTypeSetup]
--Select * from [CRE].[DealNoteRuleTypeSetup]



Print('ONe time Rule Type data')
go

Truncate table [CRE].[RuleTypeMaster]
go
SET IDENTITY_INSERT [CRE].[RuleTypeMaster] ON 

INSERT [CRE].[RuleTypeMaster] ([RuleTypeMasterID], [RuleTypeName], [Comments], [IsActive], [CreatedBy], [CreatedDate], [UpdatedBy], [UpdatedDate]) VALUES (1, N'Accounts', NULL, 1, N'B0E6697B-3534-4C09-BE0A-04473401AB93', CAST(N'2022-01-18T05:25:46.000' AS DateTime), N'B0E6697B-3534-4C09-BE0A-04473401AB93', CAST(N'2022-01-18T05:25:46.000' AS DateTime))
INSERT [CRE].[RuleTypeMaster] ([RuleTypeMasterID], [RuleTypeName], [Comments], [IsActive], [CreatedBy], [CreatedDate], [UpdatedBy], [UpdatedDate]) VALUES (2, N'Config', NULL, 1, N'B0E6697B-3534-4C09-BE0A-04473401AB93', CAST(N'2022-01-18T05:25:46.013' AS DateTime), N'B0E6697B-3534-4C09-BE0A-04473401AB93', CAST(N'2022-01-18T05:25:46.013' AS DateTime))
INSERT [CRE].[RuleTypeMaster] ([RuleTypeMasterID], [RuleTypeName], [Comments], [IsActive], [CreatedBy], [CreatedDate], [UpdatedBy], [UpdatedDate]) VALUES (3, N'Rules', NULL, 1, N'B0E6697B-3534-4C09-BE0A-04473401AB93', CAST(N'2022-01-18T05:25:46.020' AS DateTime), N'B0E6697B-3534-4C09-BE0A-04473401AB93', CAST(N'2022-01-18T05:25:46.020' AS DateTime))
INSERT [CRE].[RuleTypeMaster] ([RuleTypeMasterID], [RuleTypeName], [Comments], [IsActive], [CreatedBy], [CreatedDate], [UpdatedBy], [UpdatedDate]) VALUES (4, N'Prepay', NULL, 1, N'B0E6697B-3534-4C09-BE0A-04473401AB93', CAST(N'2022-01-20T06:32:10.410' AS DateTime), N'B0E6697B-3534-4C09-BE0A-04473401AB93', CAST(N'2022-01-20T06:32:10.410' AS DateTime))
SET IDENTITY_INSERT [CRE].[RuleTypeMaster] OFF

go


Truncate table [CRE].[RuleTypeDetail]
go
SET IDENTITY_INSERT [CRE].[RuleTypeDetail] ON 

INSERT [CRE].[RuleTypeDetail] ([RuleTypeDetailID], [RuleTypeMasterID], [FileName], [Content], [DBFileName], [IsBalanceAware], [Type], [CreatedBy], [CreatedDate], [UpdatedBy], [UpdatedDate]) VALUES (2, 2, N'DefaultConfig.json', N'', N'Config_DefaultConfig.json', 0, N'json', NULL, NULL, N'b0e6697b-3534-4c09-be0a-04473401ab93', CAST(N'2022-04-21T10:38:37.690' AS DateTime))
INSERT [CRE].[RuleTypeDetail] ([RuleTypeDetailID], [RuleTypeMasterID], [FileName], [Content], [DBFileName], [IsBalanceAware], [Type], [CreatedBy], [CreatedDate], [UpdatedBy], [UpdatedDate]) VALUES (3, 3, N'DefaultRules_BalanceAware.json', N'', N'Rules_DefaultRules_BalanceAware.json.json', 1, N'json', NULL, NULL, N'b0e6697b-3534-4c09-be0a-04473401ab93', CAST(N'2022-01-18T12:40:19.673' AS DateTime))
INSERT [CRE].[RuleTypeDetail] ([RuleTypeDetailID], [RuleTypeMasterID], [FileName], [Content], [DBFileName], [IsBalanceAware], [Type], [CreatedBy], [CreatedDate], [UpdatedBy], [UpdatedDate]) VALUES (4, 3, N'DefaultRules_non_BalanceAware.json', N'', N'Rules_DefaultRules_non_BalanceAware.json', 0, N'json', NULL, NULL, N'b0e6697b-3534-4c09-be0a-04473401ab93', CAST(N'2022-04-21T10:38:07.500' AS DateTime))
INSERT [CRE].[RuleTypeDetail] ([RuleTypeDetailID], [RuleTypeMasterID], [FileName], [Content], [DBFileName], [IsBalanceAware], [Type], [CreatedBy], [CreatedDate], [UpdatedBy], [UpdatedDate]) VALUES (8, 1, N'DefaultAccount.json', N'', N'Accounts_DefaultAccount.json', 0, N'json', N'b0e6697b-3534-4c09-be0a-04473401ab93', CAST(N'2022-01-18T08:06:50.253' AS DateTime), N'b0e6697b-3534-4c09-be0a-04473401ab93', CAST(N'2022-04-21T10:38:22.433' AS DateTime))
INSERT [CRE].[RuleTypeDetail] ([RuleTypeDetailID], [RuleTypeMasterID], [FileName], [Content], [DBFileName], [IsBalanceAware], [Type], [CreatedBy], [CreatedDate], [UpdatedBy], [UpdatedDate]) VALUES (9, 3, N'BasisRules_BalanceAware.json', N'', N'Rules_BasisRules_BalanceAware.json.json', 0, N'json', N'b0e6697b-3534-4c09-be0a-04473401ab93', CAST(N'2022-01-18T12:41:45.463' AS DateTime), N'b0e6697b-3534-4c09-be0a-04473401ab93', CAST(N'2022-01-18T12:41:45.463' AS DateTime))
INSERT [CRE].[RuleTypeDetail] ([RuleTypeDetailID], [RuleTypeMasterID], [FileName], [Content], [DBFileName], [IsBalanceAware], [Type], [CreatedBy], [CreatedDate], [UpdatedBy], [UpdatedDate]) VALUES (10, 3, N'BasisRules_non_BalanceAware.json', N'', N'Rules_BasisRules_non_BalanceAware.json', 0, N'json', N'b0e6697b-3534-4c09-be0a-04473401ab93', CAST(N'2022-01-18T12:43:32.850' AS DateTime), N'b0e6697b-3534-4c09-be0a-04473401ab93', CAST(N'2022-04-18T06:01:42.697' AS DateTime))
INSERT [CRE].[RuleTypeDetail] ([RuleTypeDetailID], [RuleTypeMasterID], [FileName], [Content], [DBFileName], [IsBalanceAware], [Type], [CreatedBy], [CreatedDate], [UpdatedBy], [UpdatedDate]) VALUES (11, 2, N'BasisConfig.json', N'', N'Config_BasisConfig.json', 0, N'json', N'b0e6697b-3534-4c09-be0a-04473401ab93', CAST(N'2022-01-18T12:44:17.727' AS DateTime), N'b0e6697b-3534-4c09-be0a-04473401ab93', CAST(N'2022-03-31T06:00:14.020' AS DateTime))
INSERT [CRE].[RuleTypeDetail] ([RuleTypeDetailID], [RuleTypeMasterID], [FileName], [Content], [DBFileName], [IsBalanceAware], [Type], [CreatedBy], [CreatedDate], [UpdatedBy], [UpdatedDate]) VALUES (12, 1, N'BasisAccount.json', N'', N'Accounts_BasisAccount.json', 0, N'json', N'b0e6697b-3534-4c09-be0a-04473401ab93', CAST(N'2022-01-18T12:44:52.860' AS DateTime), N'b0e6697b-3534-4c09-be0a-04473401ab93', CAST(N'2022-04-18T06:02:06.077' AS DateTime))
INSERT [CRE].[RuleTypeDetail] ([RuleTypeDetailID], [RuleTypeMasterID], [FileName], [Content], [DBFileName], [IsBalanceAware], [Type], [CreatedBy], [CreatedDate], [UpdatedBy], [UpdatedDate]) VALUES (13, 3, N'PrepayRules.json', N'', N'Rules_PrepayRules.json.json', 0, N'json', N'b0e6697b-3534-4c09-be0a-04473401ab93', CAST(N'2022-01-19T06:26:38.677' AS DateTime), N'b0e6697b-3534-4c09-be0a-04473401ab93', CAST(N'2022-01-19T06:44:39.910' AS DateTime))
INSERT [CRE].[RuleTypeDetail] ([RuleTypeDetailID], [RuleTypeMasterID], [FileName], [Content], [DBFileName], [IsBalanceAware], [Type], [CreatedBy], [CreatedDate], [UpdatedBy], [UpdatedDate]) VALUES (14, 4, N'prepay.json', N'', N'Prepay_prepay.json', 0, N'json', N'b0e6697b-3534-4c09-be0a-04473401ab93', CAST(N'2022-01-20T06:49:35.633' AS DateTime), N'b0e6697b-3534-4c09-be0a-04473401ab93', CAST(N'2022-04-19T04:41:44.247' AS DateTime))
INSERT [CRE].[RuleTypeDetail] ([RuleTypeDetailID], [RuleTypeMasterID], [FileName], [Content], [DBFileName], [IsBalanceAware], [Type], [CreatedBy], [CreatedDate], [UpdatedBy], [UpdatedDate]) VALUES (15, 4, N'FedReservePrepayRules.py', N'', N'Prepay_FedReservePrepayRules.py', 0, N'json', N'b0e6697b-3534-4c09-be0a-04473401ab93', CAST(N'2022-04-19T16:43:33.703' AS DateTime), N'b0e6697b-3534-4c09-be0a-04473401ab93', CAST(N'2022-04-19T16:43:33.703' AS DateTime))
SET IDENTITY_INSERT [CRE].[RuleTypeDetail] OFF

go

Truncate table [CRE].[AnalysisRuleTypeSetup]
go
SET IDENTITY_INSERT [CRE].[AnalysisRuleTypeSetup] ON 

INSERT [CRE].[AnalysisRuleTypeSetup] ([AnalysisRuleTypeSetupID], [AnalysisID], [RuleTypeMasterID], [RuleTypeDetailID], [CreatedBy], [CreatedDate], [UpdatedBy], [UpdatedDate]) VALUES (1, N'261ca4f1-a0af-45c1-8cf6-053dafaaa835', 1, 1, NULL, NULL, NULL, NULL)
INSERT [CRE].[AnalysisRuleTypeSetup] ([AnalysisRuleTypeSetupID], [AnalysisID], [RuleTypeMasterID], [RuleTypeDetailID], [CreatedBy], [CreatedDate], [UpdatedBy], [UpdatedDate]) VALUES (3, N'aa695720-93ea-4a3b-ba47-67d7e11902d1', 1, 1, NULL, NULL, NULL, NULL)
INSERT [CRE].[AnalysisRuleTypeSetup] ([AnalysisRuleTypeSetupID], [AnalysisID], [RuleTypeMasterID], [RuleTypeDetailID], [CreatedBy], [CreatedDate], [UpdatedBy], [UpdatedDate]) VALUES (4, N'37f2140c-b408-4982-9192-67fef1cd1bfc', 1, 1, NULL, NULL, NULL, NULL)
INSERT [CRE].[AnalysisRuleTypeSetup] ([AnalysisRuleTypeSetupID], [AnalysisID], [RuleTypeMasterID], [RuleTypeDetailID], [CreatedBy], [CreatedDate], [UpdatedBy], [UpdatedDate]) VALUES (5, N'45cf083b-4755-4a8c-982a-7dc6d7b8e5f2', 1, 1, NULL, NULL, NULL, NULL)
INSERT [CRE].[AnalysisRuleTypeSetup] ([AnalysisRuleTypeSetupID], [AnalysisID], [RuleTypeMasterID], [RuleTypeDetailID], [CreatedBy], [CreatedDate], [UpdatedBy], [UpdatedDate]) VALUES (7, N'efb2c7a2-08d8-418a-8e88-ca9a7c6a4ec9', 1, 1, NULL, NULL, NULL, NULL)
INSERT [CRE].[AnalysisRuleTypeSetup] ([AnalysisRuleTypeSetupID], [AnalysisID], [RuleTypeMasterID], [RuleTypeDetailID], [CreatedBy], [CreatedDate], [UpdatedBy], [UpdatedDate]) VALUES (8, N'852224d0-0532-4ea7-9ef4-cb47c68b8833', 1, 1, NULL, NULL, NULL, NULL)
INSERT [CRE].[AnalysisRuleTypeSetup] ([AnalysisRuleTypeSetupID], [AnalysisID], [RuleTypeMasterID], [RuleTypeDetailID], [CreatedBy], [CreatedDate], [UpdatedBy], [UpdatedDate]) VALUES (10, N'261ca4f1-a0af-45c1-8cf6-053dafaaa835', 2, 2, NULL, NULL, NULL, NULL)
INSERT [CRE].[AnalysisRuleTypeSetup] ([AnalysisRuleTypeSetupID], [AnalysisID], [RuleTypeMasterID], [RuleTypeDetailID], [CreatedBy], [CreatedDate], [UpdatedBy], [UpdatedDate]) VALUES (12, N'aa695720-93ea-4a3b-ba47-67d7e11902d1', 2, 2, NULL, NULL, NULL, NULL)
INSERT [CRE].[AnalysisRuleTypeSetup] ([AnalysisRuleTypeSetupID], [AnalysisID], [RuleTypeMasterID], [RuleTypeDetailID], [CreatedBy], [CreatedDate], [UpdatedBy], [UpdatedDate]) VALUES (13, N'37f2140c-b408-4982-9192-67fef1cd1bfc', 2, 2, NULL, NULL, NULL, NULL)
INSERT [CRE].[AnalysisRuleTypeSetup] ([AnalysisRuleTypeSetupID], [AnalysisID], [RuleTypeMasterID], [RuleTypeDetailID], [CreatedBy], [CreatedDate], [UpdatedBy], [UpdatedDate]) VALUES (14, N'45cf083b-4755-4a8c-982a-7dc6d7b8e5f2', 2, 2, NULL, NULL, NULL, NULL)
INSERT [CRE].[AnalysisRuleTypeSetup] ([AnalysisRuleTypeSetupID], [AnalysisID], [RuleTypeMasterID], [RuleTypeDetailID], [CreatedBy], [CreatedDate], [UpdatedBy], [UpdatedDate]) VALUES (16, N'efb2c7a2-08d8-418a-8e88-ca9a7c6a4ec9', 2, 2, NULL, NULL, NULL, NULL)
INSERT [CRE].[AnalysisRuleTypeSetup] ([AnalysisRuleTypeSetupID], [AnalysisID], [RuleTypeMasterID], [RuleTypeDetailID], [CreatedBy], [CreatedDate], [UpdatedBy], [UpdatedDate]) VALUES (17, N'852224d0-0532-4ea7-9ef4-cb47c68b8833', 2, 2, NULL, NULL, NULL, NULL)
INSERT [CRE].[AnalysisRuleTypeSetup] ([AnalysisRuleTypeSetupID], [AnalysisID], [RuleTypeMasterID], [RuleTypeDetailID], [CreatedBy], [CreatedDate], [UpdatedBy], [UpdatedDate]) VALUES (19, N'261ca4f1-a0af-45c1-8cf6-053dafaaa835', 3, 4, NULL, NULL, NULL, NULL)
INSERT [CRE].[AnalysisRuleTypeSetup] ([AnalysisRuleTypeSetupID], [AnalysisID], [RuleTypeMasterID], [RuleTypeDetailID], [CreatedBy], [CreatedDate], [UpdatedBy], [UpdatedDate]) VALUES (21, N'aa695720-93ea-4a3b-ba47-67d7e11902d1', 3, 4, NULL, NULL, NULL, NULL)
INSERT [CRE].[AnalysisRuleTypeSetup] ([AnalysisRuleTypeSetupID], [AnalysisID], [RuleTypeMasterID], [RuleTypeDetailID], [CreatedBy], [CreatedDate], [UpdatedBy], [UpdatedDate]) VALUES (22, N'37f2140c-b408-4982-9192-67fef1cd1bfc', 3, 4, NULL, NULL, NULL, NULL)
INSERT [CRE].[AnalysisRuleTypeSetup] ([AnalysisRuleTypeSetupID], [AnalysisID], [RuleTypeMasterID], [RuleTypeDetailID], [CreatedBy], [CreatedDate], [UpdatedBy], [UpdatedDate]) VALUES (23, N'45cf083b-4755-4a8c-982a-7dc6d7b8e5f2', 3, 4, NULL, NULL, NULL, NULL)
INSERT [CRE].[AnalysisRuleTypeSetup] ([AnalysisRuleTypeSetupID], [AnalysisID], [RuleTypeMasterID], [RuleTypeDetailID], [CreatedBy], [CreatedDate], [UpdatedBy], [UpdatedDate]) VALUES (25, N'efb2c7a2-08d8-418a-8e88-ca9a7c6a4ec9', 3, 4, NULL, NULL, NULL, NULL)
INSERT [CRE].[AnalysisRuleTypeSetup] ([AnalysisRuleTypeSetupID], [AnalysisID], [RuleTypeMasterID], [RuleTypeDetailID], [CreatedBy], [CreatedDate], [UpdatedBy], [UpdatedDate]) VALUES (26, N'852224d0-0532-4ea7-9ef4-cb47c68b8833', 3, 4, NULL, NULL, NULL, NULL)
INSERT [CRE].[AnalysisRuleTypeSetup] ([AnalysisRuleTypeSetupID], [AnalysisID], [RuleTypeMasterID], [RuleTypeDetailID], [CreatedBy], [CreatedDate], [UpdatedBy], [UpdatedDate]) VALUES (40, N'e50c2a12-5d4b-4540-a9c0-db06d73f919d', 1, 8, N'b0e6697b-3534-4c09-be0a-04473401ab93', CAST(N'2022-01-19T06:45:08.610' AS DateTime), N'b0e6697b-3534-4c09-be0a-04473401ab93', CAST(N'2022-01-19T06:45:08.610' AS DateTime))
INSERT [CRE].[AnalysisRuleTypeSetup] ([AnalysisRuleTypeSetupID], [AnalysisID], [RuleTypeMasterID], [RuleTypeDetailID], [CreatedBy], [CreatedDate], [UpdatedBy], [UpdatedDate]) VALUES (41, N'e50c2a12-5d4b-4540-a9c0-db06d73f919d', 2, 2, N'b0e6697b-3534-4c09-be0a-04473401ab93', CAST(N'2022-01-19T06:45:08.610' AS DateTime), N'b0e6697b-3534-4c09-be0a-04473401ab93', CAST(N'2022-01-19T06:45:08.610' AS DateTime))
INSERT [CRE].[AnalysisRuleTypeSetup] ([AnalysisRuleTypeSetupID], [AnalysisID], [RuleTypeMasterID], [RuleTypeDetailID], [CreatedBy], [CreatedDate], [UpdatedBy], [UpdatedDate]) VALUES (42, N'e50c2a12-5d4b-4540-a9c0-db06d73f919d', 3, 4, N'b0e6697b-3534-4c09-be0a-04473401ab93', CAST(N'2022-01-19T06:45:08.610' AS DateTime), N'b0e6697b-3534-4c09-be0a-04473401ab93', CAST(N'2022-01-19T06:45:08.610' AS DateTime))
INSERT [CRE].[AnalysisRuleTypeSetup] ([AnalysisRuleTypeSetupID], [AnalysisID], [RuleTypeMasterID], [RuleTypeDetailID], [CreatedBy], [CreatedDate], [UpdatedBy], [UpdatedDate]) VALUES (43, N'e50c2a12-5d4b-4540-a9c0-db06d73f919d', 1, 8, N'b0e6697b-3534-4c09-be0a-04473401ab93', CAST(N'2022-01-19T06:45:08.610' AS DateTime), N'b0e6697b-3534-4c09-be0a-04473401ab93', CAST(N'2022-01-19T06:45:08.610' AS DateTime))
INSERT [CRE].[AnalysisRuleTypeSetup] ([AnalysisRuleTypeSetupID], [AnalysisID], [RuleTypeMasterID], [RuleTypeDetailID], [CreatedBy], [CreatedDate], [UpdatedBy], [UpdatedDate]) VALUES (44, N'e50c2a12-5d4b-4540-a9c0-db06d73f919d', 2, 2, N'b0e6697b-3534-4c09-be0a-04473401ab93', CAST(N'2022-01-19T06:45:08.610' AS DateTime), N'b0e6697b-3534-4c09-be0a-04473401ab93', CAST(N'2022-01-19T06:45:08.610' AS DateTime))
INSERT [CRE].[AnalysisRuleTypeSetup] ([AnalysisRuleTypeSetupID], [AnalysisID], [RuleTypeMasterID], [RuleTypeDetailID], [CreatedBy], [CreatedDate], [UpdatedBy], [UpdatedDate]) VALUES (45, N'e50c2a12-5d4b-4540-a9c0-db06d73f919d', 3, 4, N'b0e6697b-3534-4c09-be0a-04473401ab93', CAST(N'2022-01-19T06:45:08.610' AS DateTime), N'b0e6697b-3534-4c09-be0a-04473401ab93', CAST(N'2022-01-19T06:45:08.610' AS DateTime))
INSERT [CRE].[AnalysisRuleTypeSetup] ([AnalysisRuleTypeSetupID], [AnalysisID], [RuleTypeMasterID], [RuleTypeDetailID], [CreatedBy], [CreatedDate], [UpdatedBy], [UpdatedDate]) VALUES (70, N'c10f3372-0fc2-4861-a9f5-148f1f80804f', 1, 8, N'b0e6697b-3534-4c09-be0a-04473401ab93', CAST(N'2022-04-11T10:17:01.367' AS DateTime), N'b0e6697b-3534-4c09-be0a-04473401ab93', CAST(N'2022-04-11T10:17:01.367' AS DateTime))
INSERT [CRE].[AnalysisRuleTypeSetup] ([AnalysisRuleTypeSetupID], [AnalysisID], [RuleTypeMasterID], [RuleTypeDetailID], [CreatedBy], [CreatedDate], [UpdatedBy], [UpdatedDate]) VALUES (71, N'c10f3372-0fc2-4861-a9f5-148f1f80804f', 2, 2, N'b0e6697b-3534-4c09-be0a-04473401ab93', CAST(N'2022-04-11T10:17:01.367' AS DateTime), N'b0e6697b-3534-4c09-be0a-04473401ab93', CAST(N'2022-04-11T10:17:01.367' AS DateTime))
INSERT [CRE].[AnalysisRuleTypeSetup] ([AnalysisRuleTypeSetupID], [AnalysisID], [RuleTypeMasterID], [RuleTypeDetailID], [CreatedBy], [CreatedDate], [UpdatedBy], [UpdatedDate]) VALUES (72, N'c10f3372-0fc2-4861-a9f5-148f1f80804f', 3, 4, N'b0e6697b-3534-4c09-be0a-04473401ab93', CAST(N'2022-04-11T10:17:01.367' AS DateTime), N'b0e6697b-3534-4c09-be0a-04473401ab93', CAST(N'2022-04-11T10:17:01.367' AS DateTime))
INSERT [CRE].[AnalysisRuleTypeSetup] ([AnalysisRuleTypeSetupID], [AnalysisID], [RuleTypeMasterID], [RuleTypeDetailID], [CreatedBy], [CreatedDate], [UpdatedBy], [UpdatedDate]) VALUES (73, N'c10f3372-0fc2-4861-a9f5-148f1f80804f', 4, 14, N'b0e6697b-3534-4c09-be0a-04473401ab93', CAST(N'2022-04-11T10:17:01.367' AS DateTime), N'b0e6697b-3534-4c09-be0a-04473401ab93', CAST(N'2022-04-11T10:17:01.367' AS DateTime))
INSERT [CRE].[AnalysisRuleTypeSetup] ([AnalysisRuleTypeSetupID], [AnalysisID], [RuleTypeMasterID], [RuleTypeDetailID], [CreatedBy], [CreatedDate], [UpdatedBy], [UpdatedDate]) VALUES (82, N'02d20d3e-291a-42f8-afcd-bddfbb9da16b', 1, 12, N'b0e6697b-3534-4c09-be0a-04473401ab93', CAST(N'2022-04-13T05:09:57.510' AS DateTime), N'b0e6697b-3534-4c09-be0a-04473401ab93', CAST(N'2022-04-13T05:09:57.510' AS DateTime))
INSERT [CRE].[AnalysisRuleTypeSetup] ([AnalysisRuleTypeSetupID], [AnalysisID], [RuleTypeMasterID], [RuleTypeDetailID], [CreatedBy], [CreatedDate], [UpdatedBy], [UpdatedDate]) VALUES (83, N'02d20d3e-291a-42f8-afcd-bddfbb9da16b', 2, 11, N'b0e6697b-3534-4c09-be0a-04473401ab93', CAST(N'2022-04-13T05:09:57.510' AS DateTime), N'b0e6697b-3534-4c09-be0a-04473401ab93', CAST(N'2022-04-13T05:09:57.510' AS DateTime))
INSERT [CRE].[AnalysisRuleTypeSetup] ([AnalysisRuleTypeSetupID], [AnalysisID], [RuleTypeMasterID], [RuleTypeDetailID], [CreatedBy], [CreatedDate], [UpdatedBy], [UpdatedDate]) VALUES (84, N'02d20d3e-291a-42f8-afcd-bddfbb9da16b', 3, 10, N'b0e6697b-3534-4c09-be0a-04473401ab93', CAST(N'2022-04-13T05:09:57.510' AS DateTime), N'b0e6697b-3534-4c09-be0a-04473401ab93', CAST(N'2022-04-13T05:09:57.510' AS DateTime))
INSERT [CRE].[AnalysisRuleTypeSetup] ([AnalysisRuleTypeSetupID], [AnalysisID], [RuleTypeMasterID], [RuleTypeDetailID], [CreatedBy], [CreatedDate], [UpdatedBy], [UpdatedDate]) VALUES (85, N'02d20d3e-291a-42f8-afcd-bddfbb9da16b', 4, 14, N'b0e6697b-3534-4c09-be0a-04473401ab93', CAST(N'2022-04-13T05:09:57.510' AS DateTime), N'b0e6697b-3534-4c09-be0a-04473401ab93', CAST(N'2022-04-13T05:09:57.510' AS DateTime))
SET IDENTITY_INSERT [CRE].[AnalysisRuleTypeSetup] OFF