
Truncate table [CRE].[AnalysisRuleTypeSetup]
GO

SET IDENTITY_INSERT [CRE].[AnalysisRuleTypeSetup] ON 

INSERT [CRE].[AnalysisRuleTypeSetup] ([AnalysisRuleTypeSetupID], [AnalysisID], [RuleTypeMasterID], [RuleTypeDetailID], [CreatedBy], [CreatedDate], [UpdatedBy], [UpdatedDate]) VALUES (7, N'2cdc8273-3f49-4e4f-9a2e-430a76d18964', 1, 2, N'b0e6697b-3534-4c09-be0a-04473401ab93', CAST(N'2022-09-26T17:39:55.897' AS DateTime), N'b0e6697b-3534-4c09-be0a-04473401ab93', CAST(N'2022-09-26T17:39:55.897' AS DateTime))
INSERT [CRE].[AnalysisRuleTypeSetup] ([AnalysisRuleTypeSetupID], [AnalysisID], [RuleTypeMasterID], [RuleTypeDetailID], [CreatedBy], [CreatedDate], [UpdatedBy], [UpdatedDate]) VALUES (8, N'2cdc8273-3f49-4e4f-9a2e-430a76d18964', 2, 4, N'b0e6697b-3534-4c09-be0a-04473401ab93', CAST(N'2022-09-26T17:39:55.897' AS DateTime), N'b0e6697b-3534-4c09-be0a-04473401ab93', CAST(N'2022-09-26T17:39:55.897' AS DateTime))
INSERT [CRE].[AnalysisRuleTypeSetup] ([AnalysisRuleTypeSetupID], [AnalysisID], [RuleTypeMasterID], [RuleTypeDetailID], [CreatedBy], [CreatedDate], [UpdatedBy], [UpdatedDate]) VALUES (9, N'2cdc8273-3f49-4e4f-9a2e-430a76d18964', 3, 5, N'b0e6697b-3534-4c09-be0a-04473401ab93', CAST(N'2022-09-26T17:39:55.897' AS DateTime), N'b0e6697b-3534-4c09-be0a-04473401ab93', CAST(N'2022-09-26T17:39:55.897' AS DateTime))
INSERT [CRE].[AnalysisRuleTypeSetup] ([AnalysisRuleTypeSetupID], [AnalysisID], [RuleTypeMasterID], [RuleTypeDetailID], [CreatedBy], [CreatedDate], [UpdatedBy], [UpdatedDate]) VALUES (16, N'c10f3372-0fc2-4861-a9f5-148f1f80804f', 1, 2, N'b0e6697b-3534-4c09-be0a-04473401ab93', CAST(N'2022-10-20T10:25:52.977' AS DateTime), N'b0e6697b-3534-4c09-be0a-04473401ab93', CAST(N'2022-10-20T10:25:52.977' AS DateTime))
INSERT [CRE].[AnalysisRuleTypeSetup] ([AnalysisRuleTypeSetupID], [AnalysisID], [RuleTypeMasterID], [RuleTypeDetailID], [CreatedBy], [CreatedDate], [UpdatedBy], [UpdatedDate]) VALUES (17, N'c10f3372-0fc2-4861-a9f5-148f1f80804f', 2, 4, N'b0e6697b-3534-4c09-be0a-04473401ab93', CAST(N'2022-10-20T10:25:52.977' AS DateTime), N'b0e6697b-3534-4c09-be0a-04473401ab93', CAST(N'2022-10-20T10:25:52.977' AS DateTime))
INSERT [CRE].[AnalysisRuleTypeSetup] ([AnalysisRuleTypeSetupID], [AnalysisID], [RuleTypeMasterID], [RuleTypeDetailID], [CreatedBy], [CreatedDate], [UpdatedBy], [UpdatedDate]) VALUES (18, N'c10f3372-0fc2-4861-a9f5-148f1f80804f', 3, 5, N'b0e6697b-3534-4c09-be0a-04473401ab93', CAST(N'2022-10-20T10:25:52.977' AS DateTime), N'b0e6697b-3534-4c09-be0a-04473401ab93', CAST(N'2022-10-20T10:25:52.977' AS DateTime))
INSERT [CRE].[AnalysisRuleTypeSetup] ([AnalysisRuleTypeSetupID], [AnalysisID], [RuleTypeMasterID], [RuleTypeDetailID], [CreatedBy], [CreatedDate], [UpdatedBy], [UpdatedDate]) VALUES (19, N'aa695720-93ea-4a3b-ba47-67d7e11902d1', 1, 2, N'335735a9-cdfe-4e22-9a3f-8adb3d9b931a', CAST(N'2024-02-01T06:58:54.043' AS DateTime), N'335735a9-cdfe-4e22-9a3f-8adb3d9b931a', CAST(N'2024-02-01T06:58:54.043' AS DateTime))
INSERT [CRE].[AnalysisRuleTypeSetup] ([AnalysisRuleTypeSetupID], [AnalysisID], [RuleTypeMasterID], [RuleTypeDetailID], [CreatedBy], [CreatedDate], [UpdatedBy], [UpdatedDate]) VALUES (20, N'aa695720-93ea-4a3b-ba47-67d7e11902d1', 2, 4, N'335735a9-cdfe-4e22-9a3f-8adb3d9b931a', CAST(N'2024-02-01T06:58:54.043' AS DateTime), N'335735a9-cdfe-4e22-9a3f-8adb3d9b931a', CAST(N'2024-02-01T06:58:54.043' AS DateTime))
INSERT [CRE].[AnalysisRuleTypeSetup] ([AnalysisRuleTypeSetupID], [AnalysisID], [RuleTypeMasterID], [RuleTypeDetailID], [CreatedBy], [CreatedDate], [UpdatedBy], [UpdatedDate]) VALUES (21, N'aa695720-93ea-4a3b-ba47-67d7e11902d1', 3, 5, N'335735a9-cdfe-4e22-9a3f-8adb3d9b931a', CAST(N'2024-02-01T06:58:54.043' AS DateTime), N'335735a9-cdfe-4e22-9a3f-8adb3d9b931a', CAST(N'2024-02-01T06:58:54.043' AS DateTime))
INSERT [CRE].[AnalysisRuleTypeSetup] ([AnalysisRuleTypeSetupID], [AnalysisID], [RuleTypeMasterID], [RuleTypeDetailID], [CreatedBy], [CreatedDate], [UpdatedBy], [UpdatedDate]) VALUES (22, N'38644c56-91bf-4bb3-8593-064b86605f9e', 1, 2, N'76226bcd-6051-402e-a2c4-ed8e52180b86', CAST(N'2024-02-19T07:49:37.330' AS DateTime), N'76226bcd-6051-402e-a2c4-ed8e52180b86', CAST(N'2024-02-19T07:49:37.330' AS DateTime))
INSERT [CRE].[AnalysisRuleTypeSetup] ([AnalysisRuleTypeSetupID], [AnalysisID], [RuleTypeMasterID], [RuleTypeDetailID], [CreatedBy], [CreatedDate], [UpdatedBy], [UpdatedDate]) VALUES (23, N'38644c56-91bf-4bb3-8593-064b86605f9e', 2, 4, N'76226bcd-6051-402e-a2c4-ed8e52180b86', CAST(N'2024-02-19T07:49:37.330' AS DateTime), N'76226bcd-6051-402e-a2c4-ed8e52180b86', CAST(N'2024-02-19T07:49:37.330' AS DateTime))
INSERT [CRE].[AnalysisRuleTypeSetup] ([AnalysisRuleTypeSetupID], [AnalysisID], [RuleTypeMasterID], [RuleTypeDetailID], [CreatedBy], [CreatedDate], [UpdatedBy], [UpdatedDate]) VALUES (24, N'38644c56-91bf-4bb3-8593-064b86605f9e', 3, 5, N'76226bcd-6051-402e-a2c4-ed8e52180b86', CAST(N'2024-02-19T07:49:37.330' AS DateTime), N'76226bcd-6051-402e-a2c4-ed8e52180b86', CAST(N'2024-02-19T07:49:37.330' AS DateTime))
INSERT [CRE].[AnalysisRuleTypeSetup] ([AnalysisRuleTypeSetupID], [AnalysisID], [RuleTypeMasterID], [RuleTypeDetailID], [CreatedBy], [CreatedDate], [UpdatedBy], [UpdatedDate]) VALUES (25, N'726671fa-16a9-44f6-af71-5d54492e7e82', 1, 2, N'76226bcd-6051-402e-a2c4-ed8e52180b86', CAST(N'2024-05-14T05:52:42.580' AS DateTime), N'76226bcd-6051-402e-a2c4-ed8e52180b86', CAST(N'2024-05-14T05:52:42.580' AS DateTime))
INSERT [CRE].[AnalysisRuleTypeSetup] ([AnalysisRuleTypeSetupID], [AnalysisID], [RuleTypeMasterID], [RuleTypeDetailID], [CreatedBy], [CreatedDate], [UpdatedBy], [UpdatedDate]) VALUES (26, N'726671fa-16a9-44f6-af71-5d54492e7e82', 2, 4, N'76226bcd-6051-402e-a2c4-ed8e52180b86', CAST(N'2024-05-14T05:52:42.580' AS DateTime), N'76226bcd-6051-402e-a2c4-ed8e52180b86', CAST(N'2024-05-14T05:52:42.580' AS DateTime))
INSERT [CRE].[AnalysisRuleTypeSetup] ([AnalysisRuleTypeSetupID], [AnalysisID], [RuleTypeMasterID], [RuleTypeDetailID], [CreatedBy], [CreatedDate], [UpdatedBy], [UpdatedDate]) VALUES (27, N'726671fa-16a9-44f6-af71-5d54492e7e82', 3, 5, N'76226bcd-6051-402e-a2c4-ed8e52180b86', CAST(N'2024-05-14T05:52:42.580' AS DateTime), N'76226bcd-6051-402e-a2c4-ed8e52180b86', CAST(N'2024-05-14T05:52:42.580' AS DateTime))
INSERT [CRE].[AnalysisRuleTypeSetup] ([AnalysisRuleTypeSetupID], [AnalysisID], [RuleTypeMasterID], [RuleTypeDetailID], [CreatedBy], [CreatedDate], [UpdatedBy], [UpdatedDate]) VALUES (31, N'd8f8af6d-b9c7-4015-a610-41d34941eeb5', 1, 2, N'e09e57af-b11e-4744-b04a-73a3c8de0ae6', CAST(N'2024-06-28T19:56:48.243' AS DateTime), N'e09e57af-b11e-4744-b04a-73a3c8de0ae6', CAST(N'2024-06-28T19:56:48.243' AS DateTime))
INSERT [CRE].[AnalysisRuleTypeSetup] ([AnalysisRuleTypeSetupID], [AnalysisID], [RuleTypeMasterID], [RuleTypeDetailID], [CreatedBy], [CreatedDate], [UpdatedBy], [UpdatedDate]) VALUES (32, N'd8f8af6d-b9c7-4015-a610-41d34941eeb5', 2, 4, N'e09e57af-b11e-4744-b04a-73a3c8de0ae6', CAST(N'2024-06-28T19:56:48.243' AS DateTime), N'e09e57af-b11e-4744-b04a-73a3c8de0ae6', CAST(N'2024-06-28T19:56:48.243' AS DateTime))
INSERT [CRE].[AnalysisRuleTypeSetup] ([AnalysisRuleTypeSetupID], [AnalysisID], [RuleTypeMasterID], [RuleTypeDetailID], [CreatedBy], [CreatedDate], [UpdatedBy], [UpdatedDate]) VALUES (33, N'd8f8af6d-b9c7-4015-a610-41d34941eeb5', 3, 5, N'e09e57af-b11e-4744-b04a-73a3c8de0ae6', CAST(N'2024-06-28T19:56:48.243' AS DateTime), N'e09e57af-b11e-4744-b04a-73a3c8de0ae6', CAST(N'2024-06-28T19:56:48.243' AS DateTime))
INSERT [CRE].[AnalysisRuleTypeSetup] ([AnalysisRuleTypeSetupID], [AnalysisID], [RuleTypeMasterID], [RuleTypeDetailID], [CreatedBy], [CreatedDate], [UpdatedBy], [UpdatedDate]) VALUES (34, N'45cf083b-4755-4a8c-982a-7dc6d7b8e5f2', 1, 2, N'e09e57af-b11e-4744-b04a-73a3c8de0ae6', CAST(N'2024-06-28T20:49:01.030' AS DateTime), N'e09e57af-b11e-4744-b04a-73a3c8de0ae6', CAST(N'2024-06-28T20:49:01.030' AS DateTime))
INSERT [CRE].[AnalysisRuleTypeSetup] ([AnalysisRuleTypeSetupID], [AnalysisID], [RuleTypeMasterID], [RuleTypeDetailID], [CreatedBy], [CreatedDate], [UpdatedBy], [UpdatedDate]) VALUES (35, N'45cf083b-4755-4a8c-982a-7dc6d7b8e5f2', 2, 4, N'e09e57af-b11e-4744-b04a-73a3c8de0ae6', CAST(N'2024-06-28T20:49:01.030' AS DateTime), N'e09e57af-b11e-4744-b04a-73a3c8de0ae6', CAST(N'2024-06-28T20:49:01.030' AS DateTime))
INSERT [CRE].[AnalysisRuleTypeSetup] ([AnalysisRuleTypeSetupID], [AnalysisID], [RuleTypeMasterID], [RuleTypeDetailID], [CreatedBy], [CreatedDate], [UpdatedBy], [UpdatedDate]) VALUES (36, N'45cf083b-4755-4a8c-982a-7dc6d7b8e5f2', 3, 5, N'e09e57af-b11e-4744-b04a-73a3c8de0ae6', CAST(N'2024-06-28T20:49:01.030' AS DateTime), N'e09e57af-b11e-4744-b04a-73a3c8de0ae6', CAST(N'2024-06-28T20:49:01.030' AS DateTime))
INSERT [CRE].[AnalysisRuleTypeSetup] ([AnalysisRuleTypeSetupID], [AnalysisID], [RuleTypeMasterID], [RuleTypeDetailID], [CreatedBy], [CreatedDate], [UpdatedBy], [UpdatedDate]) VALUES (37, N'96e94389-4fe6-4a17-befd-831f3ba18e63', 1, 2, N'e09e57af-b11e-4744-b04a-73a3c8de0ae6', CAST(N'2024-06-28T20:49:42.093' AS DateTime), N'e09e57af-b11e-4744-b04a-73a3c8de0ae6', CAST(N'2024-06-28T20:49:42.093' AS DateTime))
INSERT [CRE].[AnalysisRuleTypeSetup] ([AnalysisRuleTypeSetupID], [AnalysisID], [RuleTypeMasterID], [RuleTypeDetailID], [CreatedBy], [CreatedDate], [UpdatedBy], [UpdatedDate]) VALUES (38, N'96e94389-4fe6-4a17-befd-831f3ba18e63', 2, 4, N'e09e57af-b11e-4744-b04a-73a3c8de0ae6', CAST(N'2024-06-28T20:49:42.093' AS DateTime), N'e09e57af-b11e-4744-b04a-73a3c8de0ae6', CAST(N'2024-06-28T20:49:42.093' AS DateTime))
INSERT [CRE].[AnalysisRuleTypeSetup] ([AnalysisRuleTypeSetupID], [AnalysisID], [RuleTypeMasterID], [RuleTypeDetailID], [CreatedBy], [CreatedDate], [UpdatedBy], [UpdatedDate]) VALUES (39, N'96e94389-4fe6-4a17-befd-831f3ba18e63', 3, 5, N'e09e57af-b11e-4744-b04a-73a3c8de0ae6', CAST(N'2024-06-28T20:49:42.093' AS DateTime), N'e09e57af-b11e-4744-b04a-73a3c8de0ae6', CAST(N'2024-06-28T20:49:42.093' AS DateTime))
INSERT [CRE].[AnalysisRuleTypeSetup] ([AnalysisRuleTypeSetupID], [AnalysisID], [RuleTypeMasterID], [RuleTypeDetailID], [CreatedBy], [CreatedDate], [UpdatedBy], [UpdatedDate]) VALUES (43, N'bb876017-f263-40da-926d-0b77d925c2e4', 1, 2, N'335735a9-cdfe-4e22-9a3f-8adb3d9b931a', CAST(N'2024-06-28T22:04:59.937' AS DateTime), N'335735a9-cdfe-4e22-9a3f-8adb3d9b931a', CAST(N'2024-06-28T22:04:59.937' AS DateTime))
INSERT [CRE].[AnalysisRuleTypeSetup] ([AnalysisRuleTypeSetupID], [AnalysisID], [RuleTypeMasterID], [RuleTypeDetailID], [CreatedBy], [CreatedDate], [UpdatedBy], [UpdatedDate]) VALUES (44, N'bb876017-f263-40da-926d-0b77d925c2e4', 2, 4, N'335735a9-cdfe-4e22-9a3f-8adb3d9b931a', CAST(N'2024-06-28T22:04:59.937' AS DateTime), N'335735a9-cdfe-4e22-9a3f-8adb3d9b931a', CAST(N'2024-06-28T22:04:59.937' AS DateTime))
INSERT [CRE].[AnalysisRuleTypeSetup] ([AnalysisRuleTypeSetupID], [AnalysisID], [RuleTypeMasterID], [RuleTypeDetailID], [CreatedBy], [CreatedDate], [UpdatedBy], [UpdatedDate]) VALUES (45, N'bb876017-f263-40da-926d-0b77d925c2e4', 3, 5, N'335735a9-cdfe-4e22-9a3f-8adb3d9b931a', CAST(N'2024-06-28T22:04:59.937' AS DateTime), N'335735a9-cdfe-4e22-9a3f-8adb3d9b931a', CAST(N'2024-06-28T22:04:59.937' AS DateTime))
INSERT [CRE].[AnalysisRuleTypeSetup] ([AnalysisRuleTypeSetupID], [AnalysisID], [RuleTypeMasterID], [RuleTypeDetailID], [CreatedBy], [CreatedDate], [UpdatedBy], [UpdatedDate]) VALUES (46, N'e50c2a12-5d4b-4540-a9c0-db06d73f919d', 1, 2, N'335735a9-cdfe-4e22-9a3f-8adb3d9b931a', CAST(N'2024-06-28T22:05:26.847' AS DateTime), N'335735a9-cdfe-4e22-9a3f-8adb3d9b931a', CAST(N'2024-06-28T22:05:26.847' AS DateTime))
INSERT [CRE].[AnalysisRuleTypeSetup] ([AnalysisRuleTypeSetupID], [AnalysisID], [RuleTypeMasterID], [RuleTypeDetailID], [CreatedBy], [CreatedDate], [UpdatedBy], [UpdatedDate]) VALUES (47, N'e50c2a12-5d4b-4540-a9c0-db06d73f919d', 2, 4, N'335735a9-cdfe-4e22-9a3f-8adb3d9b931a', CAST(N'2024-06-28T22:05:26.847' AS DateTime), N'335735a9-cdfe-4e22-9a3f-8adb3d9b931a', CAST(N'2024-06-28T22:05:26.847' AS DateTime))
INSERT [CRE].[AnalysisRuleTypeSetup] ([AnalysisRuleTypeSetupID], [AnalysisID], [RuleTypeMasterID], [RuleTypeDetailID], [CreatedBy], [CreatedDate], [UpdatedBy], [UpdatedDate]) VALUES (48, N'e50c2a12-5d4b-4540-a9c0-db06d73f919d', 3, 5, N'335735a9-cdfe-4e22-9a3f-8adb3d9b931a', CAST(N'2024-06-28T22:05:26.847' AS DateTime), N'335735a9-cdfe-4e22-9a3f-8adb3d9b931a', CAST(N'2024-06-28T22:05:26.847' AS DateTime))
INSERT [CRE].[AnalysisRuleTypeSetup] ([AnalysisRuleTypeSetupID], [AnalysisID], [RuleTypeMasterID], [RuleTypeDetailID], [CreatedBy], [CreatedDate], [UpdatedBy], [UpdatedDate]) VALUES (49, N'928387e0-8d5f-4387-98d3-37d8a84f038d', 1, 2, N'335735a9-cdfe-4e22-9a3f-8adb3d9b931a', CAST(N'2024-06-28T22:06:08.100' AS DateTime), N'335735a9-cdfe-4e22-9a3f-8adb3d9b931a', CAST(N'2024-06-28T22:06:08.100' AS DateTime))
INSERT [CRE].[AnalysisRuleTypeSetup] ([AnalysisRuleTypeSetupID], [AnalysisID], [RuleTypeMasterID], [RuleTypeDetailID], [CreatedBy], [CreatedDate], [UpdatedBy], [UpdatedDate]) VALUES (50, N'928387e0-8d5f-4387-98d3-37d8a84f038d', 2, 4, N'335735a9-cdfe-4e22-9a3f-8adb3d9b931a', CAST(N'2024-06-28T22:06:08.100' AS DateTime), N'335735a9-cdfe-4e22-9a3f-8adb3d9b931a', CAST(N'2024-06-28T22:06:08.100' AS DateTime))
INSERT [CRE].[AnalysisRuleTypeSetup] ([AnalysisRuleTypeSetupID], [AnalysisID], [RuleTypeMasterID], [RuleTypeDetailID], [CreatedBy], [CreatedDate], [UpdatedBy], [UpdatedDate]) VALUES (51, N'928387e0-8d5f-4387-98d3-37d8a84f038d', 3, 5, N'335735a9-cdfe-4e22-9a3f-8adb3d9b931a', CAST(N'2024-06-28T22:06:08.100' AS DateTime), N'335735a9-cdfe-4e22-9a3f-8adb3d9b931a', CAST(N'2024-06-28T22:06:08.100' AS DateTime))
INSERT [CRE].[AnalysisRuleTypeSetup] ([AnalysisRuleTypeSetupID], [AnalysisID], [RuleTypeMasterID], [RuleTypeDetailID], [CreatedBy], [CreatedDate], [UpdatedBy], [UpdatedDate]) VALUES (52, N'6b4415bb-b467-4d20-9dda-6c016c174236', 1, 2, N'335735a9-cdfe-4e22-9a3f-8adb3d9b931a', CAST(N'2024-06-28T22:06:34.927' AS DateTime), N'335735a9-cdfe-4e22-9a3f-8adb3d9b931a', CAST(N'2024-06-28T22:06:34.927' AS DateTime))
INSERT [CRE].[AnalysisRuleTypeSetup] ([AnalysisRuleTypeSetupID], [AnalysisID], [RuleTypeMasterID], [RuleTypeDetailID], [CreatedBy], [CreatedDate], [UpdatedBy], [UpdatedDate]) VALUES (53, N'6b4415bb-b467-4d20-9dda-6c016c174236', 2, 4, N'335735a9-cdfe-4e22-9a3f-8adb3d9b931a', CAST(N'2024-06-28T22:06:34.927' AS DateTime), N'335735a9-cdfe-4e22-9a3f-8adb3d9b931a', CAST(N'2024-06-28T22:06:34.927' AS DateTime))
INSERT [CRE].[AnalysisRuleTypeSetup] ([AnalysisRuleTypeSetupID], [AnalysisID], [RuleTypeMasterID], [RuleTypeDetailID], [CreatedBy], [CreatedDate], [UpdatedBy], [UpdatedDate]) VALUES (54, N'6b4415bb-b467-4d20-9dda-6c016c174236', 3, 5, N'335735a9-cdfe-4e22-9a3f-8adb3d9b931a', CAST(N'2024-06-28T22:06:34.927' AS DateTime), N'335735a9-cdfe-4e22-9a3f-8adb3d9b931a', CAST(N'2024-06-28T22:06:34.927' AS DateTime))
INSERT [CRE].[AnalysisRuleTypeSetup] ([AnalysisRuleTypeSetupID], [AnalysisID], [RuleTypeMasterID], [RuleTypeDetailID], [CreatedBy], [CreatedDate], [UpdatedBy], [UpdatedDate]) VALUES (55, N'81f49f3a-c196-4e10-829e-aaf593552889', 1, 2, N'335735a9-cdfe-4e22-9a3f-8adb3d9b931a', CAST(N'2024-06-28T22:06:58.527' AS DateTime), N'335735a9-cdfe-4e22-9a3f-8adb3d9b931a', CAST(N'2024-06-28T22:06:58.527' AS DateTime))
INSERT [CRE].[AnalysisRuleTypeSetup] ([AnalysisRuleTypeSetupID], [AnalysisID], [RuleTypeMasterID], [RuleTypeDetailID], [CreatedBy], [CreatedDate], [UpdatedBy], [UpdatedDate]) VALUES (56, N'81f49f3a-c196-4e10-829e-aaf593552889', 2, 4, N'335735a9-cdfe-4e22-9a3f-8adb3d9b931a', CAST(N'2024-06-28T22:06:58.527' AS DateTime), N'335735a9-cdfe-4e22-9a3f-8adb3d9b931a', CAST(N'2024-06-28T22:06:58.527' AS DateTime))
INSERT [CRE].[AnalysisRuleTypeSetup] ([AnalysisRuleTypeSetupID], [AnalysisID], [RuleTypeMasterID], [RuleTypeDetailID], [CreatedBy], [CreatedDate], [UpdatedBy], [UpdatedDate]) VALUES (57, N'81f49f3a-c196-4e10-829e-aaf593552889', 3, 5, N'335735a9-cdfe-4e22-9a3f-8adb3d9b931a', CAST(N'2024-06-28T22:06:58.527' AS DateTime), N'335735a9-cdfe-4e22-9a3f-8adb3d9b931a', CAST(N'2024-06-28T22:06:58.527' AS DateTime))
INSERT [CRE].[AnalysisRuleTypeSetup] ([AnalysisRuleTypeSetupID], [AnalysisID], [RuleTypeMasterID], [RuleTypeDetailID], [CreatedBy], [CreatedDate], [UpdatedBy], [UpdatedDate]) VALUES (58, N'261ca4f1-a0af-45c1-8cf6-053dafaaa835', 1, 2, N'e09e57af-b11e-4744-b04a-73a3c8de0ae6', CAST(N'2024-06-28T22:07:35.243' AS DateTime), N'e09e57af-b11e-4744-b04a-73a3c8de0ae6', CAST(N'2024-06-28T22:07:35.243' AS DateTime))
INSERT [CRE].[AnalysisRuleTypeSetup] ([AnalysisRuleTypeSetupID], [AnalysisID], [RuleTypeMasterID], [RuleTypeDetailID], [CreatedBy], [CreatedDate], [UpdatedBy], [UpdatedDate]) VALUES (59, N'261ca4f1-a0af-45c1-8cf6-053dafaaa835', 2, 4, N'e09e57af-b11e-4744-b04a-73a3c8de0ae6', CAST(N'2024-06-28T22:07:35.243' AS DateTime), N'e09e57af-b11e-4744-b04a-73a3c8de0ae6', CAST(N'2024-06-28T22:07:35.243' AS DateTime))
INSERT [CRE].[AnalysisRuleTypeSetup] ([AnalysisRuleTypeSetupID], [AnalysisID], [RuleTypeMasterID], [RuleTypeDetailID], [CreatedBy], [CreatedDate], [UpdatedBy], [UpdatedDate]) VALUES (60, N'261ca4f1-a0af-45c1-8cf6-053dafaaa835', 3, 5, N'e09e57af-b11e-4744-b04a-73a3c8de0ae6', CAST(N'2024-06-28T22:07:35.243' AS DateTime), N'e09e57af-b11e-4744-b04a-73a3c8de0ae6', CAST(N'2024-06-28T22:07:35.243' AS DateTime))
SET IDENTITY_INSERT [CRE].[AnalysisRuleTypeSetup] OFF
GO

Truncate table [CRE].[DealNoteRuleTypeSetup]
GO
SET IDENTITY_INSERT [CRE].[DealNoteRuleTypeSetup] ON 

INSERT [CRE].[DealNoteRuleTypeSetup] ([DealNoteRuleTypeSetupID], [AnalysisID], [DealID], [NoteID], [RuleTypeMasterID], [RuleTypeDetailID], [CreatedBy], [CreatedDate], [UpdatedBy], [UpdatedDate]) VALUES (1, N'c10f3372-0fc2-4861-a9f5-148f1f80804f', NULL, N'6fba1b6f-0acd-4a91-a0bb-47559012b96b', 1, 1, N'38f77919-4417-4c2e-846e-7017fd6c3f68', CAST(N'2023-07-17T07:34:01.183' AS DateTime), N'38f77919-4417-4c2e-846e-7017fd6c3f68', CAST(N'2023-07-17T07:34:01.183' AS DateTime))
INSERT [CRE].[DealNoteRuleTypeSetup] ([DealNoteRuleTypeSetupID], [AnalysisID], [DealID], [NoteID], [RuleTypeMasterID], [RuleTypeDetailID], [CreatedBy], [CreatedDate], [UpdatedBy], [UpdatedDate]) VALUES (2, N'c10f3372-0fc2-4861-a9f5-148f1f80804f', NULL, N'6fba1b6f-0acd-4a91-a0bb-47559012b96b', 2, 3, N'38f77919-4417-4c2e-846e-7017fd6c3f68', CAST(N'2023-07-17T07:34:01.183' AS DateTime), N'38f77919-4417-4c2e-846e-7017fd6c3f68', CAST(N'2023-07-17T07:34:01.183' AS DateTime))
INSERT [CRE].[DealNoteRuleTypeSetup] ([DealNoteRuleTypeSetupID], [AnalysisID], [DealID], [NoteID], [RuleTypeMasterID], [RuleTypeDetailID], [CreatedBy], [CreatedDate], [UpdatedBy], [UpdatedDate]) VALUES (3, N'c10f3372-0fc2-4861-a9f5-148f1f80804f', NULL, N'6fba1b6f-0acd-4a91-a0bb-47559012b96b', 3, 6, N'38f77919-4417-4c2e-846e-7017fd6c3f68', CAST(N'2023-07-17T07:34:01.183' AS DateTime), N'38f77919-4417-4c2e-846e-7017fd6c3f68', CAST(N'2023-07-17T07:34:01.183' AS DateTime))
SET IDENTITY_INSERT [CRE].[DealNoteRuleTypeSetup] OFF
GO


Truncate table [CRE].[RuleTypeDetail]
GO
SET IDENTITY_INSERT [CRE].[RuleTypeDetail] ON 

INSERT [CRE].[RuleTypeDetail] ([RuleTypeDetailID], [RuleTypeMasterID], [FileName], [Content], [DBFileName], [IsBalanceAware], [Type], [CreatedBy], [CreatedDate], [UpdatedBy], [UpdatedDate]) VALUES (1, 1, N'BasisAccounts.json', N'', N'Accounts_BasisAccounts09_18_2023_04_30_57.json', 0, N'json', N'b0e6697b-3534-4c09-be0a-04473401ab93', CAST(N'2022-09-19T06:11:06.730' AS DateTime), N'76226bcd-6051-402e-a2c4-ed8e52180b86', CAST(N'2023-09-18T04:30:57.920' AS DateTime))
INSERT [CRE].[RuleTypeDetail] ([RuleTypeDetailID], [RuleTypeMasterID], [FileName], [Content], [DBFileName], [IsBalanceAware], [Type], [CreatedBy], [CreatedDate], [UpdatedBy], [UpdatedDate]) VALUES (2, 1, N'DefaultAccount.json', N'', N'Accounts_DefaultAccount04_28_2025_12_04_40.json', 0, N'json', N'b0e6697b-3534-4c09-be0a-04473401ab93', CAST(N'2022-09-19T06:11:30.810' AS DateTime), N'b0e6697b-3534-4c09-be0a-04473401ab93', CAST(N'2025-04-28T12:04:40.720' AS DateTime))
INSERT [CRE].[RuleTypeDetail] ([RuleTypeDetailID], [RuleTypeMasterID], [FileName], [Content], [DBFileName], [IsBalanceAware], [Type], [CreatedBy], [CreatedDate], [UpdatedBy], [UpdatedDate]) VALUES (3, 2, N'BasisConfig.json', N'', N'Config_BasisConfig07_17_2023_04_53_20.json', 0, N'json', N'b0e6697b-3534-4c09-be0a-04473401ab93', CAST(N'2022-09-19T06:12:02.190' AS DateTime), N'76226bcd-6051-402e-a2c4-ed8e52180b86', CAST(N'2023-07-17T04:53:20.107' AS DateTime))
INSERT [CRE].[RuleTypeDetail] ([RuleTypeDetailID], [RuleTypeMasterID], [FileName], [Content], [DBFileName], [IsBalanceAware], [Type], [CreatedBy], [CreatedDate], [UpdatedBy], [UpdatedDate]) VALUES (4, 2, N'DefaultConfig.json', N'', N'Config_DefaultConfig04_28_2025_12_05_02.json', 0, N'json', N'b0e6697b-3534-4c09-be0a-04473401ab93', CAST(N'2022-09-19T06:12:47.867' AS DateTime), N'b0e6697b-3534-4c09-be0a-04473401ab93', CAST(N'2025-04-28T12:05:02.650' AS DateTime))
INSERT [CRE].[RuleTypeDetail] ([RuleTypeDetailID], [RuleTypeMasterID], [FileName], [Content], [DBFileName], [IsBalanceAware], [Type], [CreatedBy], [CreatedDate], [UpdatedBy], [UpdatedDate]) VALUES (5, 3, N'DefaultRules_non_BalanceAware.json', N'', N'Rules_DefaultRules_non_BalanceAware04_28_2025_12_05_37.json', 0, N'json', N'b0e6697b-3534-4c09-be0a-04473401ab93', CAST(N'2022-09-19T06:13:41.913' AS DateTime), N'b0e6697b-3534-4c09-be0a-04473401ab93', CAST(N'2025-04-28T12:05:37.617' AS DateTime))
INSERT [CRE].[RuleTypeDetail] ([RuleTypeDetailID], [RuleTypeMasterID], [FileName], [Content], [DBFileName], [IsBalanceAware], [Type], [CreatedBy], [CreatedDate], [UpdatedBy], [UpdatedDate]) VALUES (6, 3, N'BasisRules_NonBalanceAware.json', N'', N'Rules_BasisRules_NonBalanceAware09_18_2023_04_30_34.json', 0, N'json', N'b0e6697b-3534-4c09-be0a-04473401ab93', CAST(N'2022-09-19T06:14:08.883' AS DateTime), N'76226bcd-6051-402e-a2c4-ed8e52180b86', CAST(N'2023-09-18T04:30:34.460' AS DateTime))
INSERT [CRE].[RuleTypeDetail] ([RuleTypeDetailID], [RuleTypeMasterID], [FileName], [Content], [DBFileName], [IsBalanceAware], [Type], [CreatedBy], [CreatedDate], [UpdatedBy], [UpdatedDate]) VALUES (7, 3, N'DefaultRules_BalanceAware.json', N'', N'Rules_DefaultRules_BalanceAware08_07_2023_05_31_46.json', 0, N'json', N'b0e6697b-3534-4c09-be0a-04473401ab93', CAST(N'2022-09-19T06:14:56.793' AS DateTime), N'76226bcd-6051-402e-a2c4-ed8e52180b86', CAST(N'2023-08-07T05:31:46.207' AS DateTime))
INSERT [CRE].[RuleTypeDetail] ([RuleTypeDetailID], [RuleTypeMasterID], [FileName], [Content], [DBFileName], [IsBalanceAware], [Type], [CreatedBy], [CreatedDate], [UpdatedBy], [UpdatedDate]) VALUES (8, 3, N'DefaultRules_non_BalanceAware_09262022.json', N'', N'Rules_DefaultRules_non_BalanceAware_0926202208_07_2023_05_31_28.json', 0, N'json', N'b0e6697b-3534-4c09-be0a-04473401ab93', CAST(N'2022-09-26T17:13:29.210' AS DateTime), N'76226bcd-6051-402e-a2c4-ed8e52180b86', CAST(N'2023-08-07T05:31:28.900' AS DateTime))
INSERT [CRE].[RuleTypeDetail] ([RuleTypeDetailID], [RuleTypeMasterID], [FileName], [Content], [DBFileName], [IsBalanceAware], [Type], [CreatedBy], [CreatedDate], [UpdatedBy], [UpdatedDate]) VALUES (9, 4, N'Prepay_prepay.py', N'', N'Prepay_Prepay_prepay.py07_12_2024_10_19_10.json', 0, N'json', N'76226bcd-6051-402e-a2c4-ed8e52180b86', CAST(N'2024-07-12T10:19:10.110' AS DateTime), N'76226bcd-6051-402e-a2c4-ed8e52180b86', CAST(N'2024-07-12T10:19:10.110' AS DateTime))
SET IDENTITY_INSERT [CRE].[RuleTypeDetail] OFF
GO

Truncate table [CRE].[RuleTypeMaster]
GO
SET IDENTITY_INSERT [CRE].[RuleTypeMaster] ON 

INSERT [CRE].[RuleTypeMaster] ([RuleTypeMasterID], [RuleTypeName], [Comments], [IsActive], [CreatedBy], [CreatedDate], [UpdatedBy], [UpdatedDate]) VALUES (1, N'Accounts', NULL, 1, N'B0E6697B-3534-4C09-BE0A-04473401AB93', CAST(N'2022-01-18T05:25:46.000' AS DateTime), N'B0E6697B-3534-4C09-BE0A-04473401AB93', CAST(N'2022-01-18T05:25:46.000' AS DateTime))
INSERT [CRE].[RuleTypeMaster] ([RuleTypeMasterID], [RuleTypeName], [Comments], [IsActive], [CreatedBy], [CreatedDate], [UpdatedBy], [UpdatedDate]) VALUES (2, N'Config', NULL, 1, N'B0E6697B-3534-4C09-BE0A-04473401AB93', CAST(N'2022-01-18T05:25:46.013' AS DateTime), N'B0E6697B-3534-4C09-BE0A-04473401AB93', CAST(N'2022-01-18T05:25:46.013' AS DateTime))
INSERT [CRE].[RuleTypeMaster] ([RuleTypeMasterID], [RuleTypeName], [Comments], [IsActive], [CreatedBy], [CreatedDate], [UpdatedBy], [UpdatedDate]) VALUES (3, N'Rules', NULL, 1, N'B0E6697B-3534-4C09-BE0A-04473401AB93', CAST(N'2022-01-18T05:25:46.020' AS DateTime), N'B0E6697B-3534-4C09-BE0A-04473401AB93', CAST(N'2022-01-18T05:25:46.020' AS DateTime))
INSERT [CRE].[RuleTypeMaster] ([RuleTypeMasterID], [RuleTypeName], [Comments], [IsActive], [CreatedBy], [CreatedDate], [UpdatedBy], [UpdatedDate]) VALUES (4, N'Prepay', NULL, 1, N'B0E6697B-3534-4C09-BE0A-04473401AB93', CAST(N'2022-01-20T06:32:10.410' AS DateTime), N'B0E6697B-3534-4C09-BE0A-04473401AB93', CAST(N'2022-01-20T06:32:10.410' AS DateTime))
SET IDENTITY_INSERT [CRE].[RuleTypeMaster] OFF
GO
